Moisture,ADC,Temperature,Humidity
18.19,2897,30.7,59
6.9,2945,30.7,59
29.43,2831,30.7,59
18.19,2897,30.9,59
9.47,2935,30.9,59
28.89,2835,30.9,59
16.28,2906,30.7,59
4.76,2953,30.7,59
26.86,2849,30.7,59
17.35,2901,30.8,59
6.37,2947,30.8,59
29.16,2833,30.8,59
17.98,2898,30.8,59
12.64,2922,30.8,59
29.56,2830,30.8,59
17.14,2902,30,59
7.94,2941,30,59
28.47,2838,30,59
17.35,2901,30.2,58
10.22,2932,30.2,58
-160.22,3303,30.2,58
15.39,2910,30.1,58
9.47,2935,30.1,58
29.82,2828,30.1,58
17.35,2901,30.8,58
6.64,2946,30.8,58
31.17,2817,30.8,58
17.35,2901,30.3,58
8.71,2938,30.3,58
29.3,2832,30.3,58
16.71,2904,30.2,58
6.64,2946,30.2,58
24.77,2862,30.2,58
17.14,2902,30.2,58
7.94,2941,30.2,58
26.7,2850,30.2,58
17.14,2902,30.5,58
8.71,2938,30.5,58
30.08,2826,30.5,58
32.28,2807,30.2,58
-48.83,3103,30.2,58
26.7,2850,30.2,58
17.35,2901,30.2,58
10.96,2929,30.2,58
27.76,2843,30.2,58
17.98,2898,30,58
6.64,2946,30,58
36.66,2686,30,58
17.35,2901,30.3,58
4.22,2955,30.3,58
26.86,2849,30.3,58
17.56,2900,30.6,58
22.85,2873,30.6,58
28.89,2835,30.6,58
17.14,2902,30.9,58
8.96,2937,30.9,58
33.64,2793,30.9,58
17.14,2902,30.3,58
7.42,2943,30.3,58
28.33,2839,30.3,58
18.19,2897,30,58
12.4,2923,30,58
29.95,2827,30,58
16.92,2903,30.2,58
11.92,2925,30.2,58
31.06,2818,30.2,58
17.14,2902,30.6,58
5.3,2951,30.6,58
27.16,2847,30.6,58
17.35,2901,30.5,58
8.71,2938,30.5,58
28.61,2837,30.5,58
17.77,2899,30.4,58
1.7,2964,30.4,58
27.76,2843,30.4,58
17.56,2900,30,58
6.37,2947,30,58
37.1,2722,30,58
16.92,2903,30.1,57
4.22,2955,30.1,57
31.91,2619,30.1,57
16.28,2906,30.3,57
10.71,2930,30.3,57
29.03,2834,30.3,57
17.35,2901,30.7,57
3.39,2958,30.7,57
28.75,2836,30.7,57
16.92,2903,30.2,58
-42.32,3088,30.2,58
28.33,2839,30.2,58
17.77,2899,30.2,57
8.46,2939,30.2,57
28.47,2838,30.2,57
15.62,2909,30.1,57
7.42,2943,30.1,57
27.31,2846,30.1,57
17.35,2901,30.3,57
7.16,2944,30.3,57
24.77,2862,30.3,57
16.28,2906,30.1,57
9.72,2934,30.1,57
24.94,2861,30.1,57
17.35,2901,30.7,57
3.39,2958,30.7,57
28.75,2836,30.7,57
17.35,2901,30.2,57
9.47,2935,30.2,57
27.46,2845,30.2,57
11.44,2927,30.1,57
11.2,2928,30.1,57
11.44,2927,30.1,57
16.92,2903,30.1,57
5.3,2951,30.1,57
26.55,2851,30.1,57
15.39,2910,30.3,57
14.95,2912,30.3,57
4.89,2477,30.3,57
17.98,2898,30.7,57
20.99,2883,30.7,57
21.37,2881,30.7,57
17.77,2899,30,57
12.88,2921,30,57
28.89,2835,30,57
16.92,2903,30.8,57
7.42,2943,30.8,57
29.3,2832,30.8,57
17.77,2899,30.2,57
6.64,2946,30.2,57
29.69,2829,30.2,57
19.01,2893,30.7,57
6.64,2946,30.7,57
29.95,2827,30.7,57
-11.91,3008,30.4,57
7.16,2944,30.4,57
32.39,2806,30.4,57
18.19,2897,30.1,57
9.72,2934,30.1,57
30.08,2826,30.1,57
17.98,2898,30.3,57
6.37,2947,30.3,57
27.16,2847,30.3,57
17.77,2899,30.1,57
9.47,2935,30.1,57
-17.06,3023,30.1,57
21.75,2879,30.3,57
10.96,2929,30.3,57
29.56,2830,30.3,57
16.92,2903,30.1,57
9.72,2934,30.1,57
28.47,2838,30.1,57
15.39,2910,30.7,57
6.37,2947,30.7,57
-263.69,3441,30.7,57
17.35,2901,30.2,57
12.16,2924,30.2,57
-5.76,2989,30.2,57
17.14,2902,30.2,57
5.84,2949,30.2,57
24.26,2865,30.2,57
16.92,2903,30.7,57
0.56,2968,30.7,57
14.49,2914,30.7,57
17.14,2902,30.3,57
-124.44,3247,30.3,57
29.69,2829,30.3,57
17.14,2902,30.1,57
7.42,2943,30.1,57
27.46,2845,30.1,57
17.14,2902,30.3,57
7.68,2942,30.3,57
27.31,2846,30.3,57
17.35,2901,30.1,57
4.49,2954,30.1,57
24.26,2865,30.1,57
15.39,2910,30.7,57
11.2,2928,30.7,57
28.19,2840,30.7,57
17.56,2900,30.2,57
9.47,2935,30.2,57
31.06,2818,30.2,57
18.19,2897,30.7,57
10.47,2931,30.7,57
28.61,2837,30.7,57
33.46,2795,30.9,57
7.94,2941,30.9,57
31.17,2817,30.9,57
17.14,2902,30.1,57
7.94,2941,30.1,57
27.76,2843,30.1,57
17.98,2898,30.7,57
8.2,2940,30.7,57
29.69,2829,30.7,57
17.98,2898,30.6,57
6.64,2946,30.6,57
31.85,2811,30.6,57
17.14,2902,30.9,57
7.16,2944,30.9,57
29.43,2831,30.9,57
11.92,2925,30.9,57
-35.25,3071,30.9,57
29.95,2827,30.9,57
17.35,2901,30.5,57
5.57,2950,30.5,57
29.3,2832,30.5,57
18.4,2896,30.3,57
25.76,2856,30.3,57
26.86,2849,30.3,57
17.35,2901,30.1,57
13.58,2918,30.1,57
24.77,2862,30.1,57
15.62,2909,30.8,57
7.42,2943,30.8,57
-55.15,3117,30.8,57
17.14,2902,30.2,57
7.94,2941,30.2,57
29.03,2834,30.2,57
17.35,2901,30.8,57
3.39,2958,30.8,57
29.43,2831,30.8,57
17.35,2901,30,57
7.68,2942,30,57
25.43,2858,30,57
16.92,2903,30.8,57
8.71,2938,30.8,57
29.3,2832,30.8,57
17.35,2901,30.3,57
11.68,2926,30.3,57
29.16,2833,30.3,57
17.77,2899,30.1,57
8.96,2937,30.1,57
29.3,2832,30.1,57
17.35,2901,30,57
8.96,2937,30,57
28.47,2838,30,57
17.14,2902,30.5,57
6.64,2946,30.5,57
29.3,2832,30.5,57
17.77,2899,30,57
10.71,2930,30,57
26.7,2850,30,57
17.35,2901,30.8,57
12.88,2921,30.8,57
28.33,2839,30.8,57
17.35,2901,30.4,57
6.9,2945,30.4,57
29.43,2831,30.4,57
12.4,2923,30.1,57
5.3,2951,30.1,57
30.45,2823,30.1,57
17.35,2901,30,57
6.9,2945,30,57
25.43,2858,30,57
18.19,2897,30.8,57
4.76,2953,30.8,57
28.47,2838,30.8,57
16.28,2906,30.4,57
16.28,2906,30.4,57
28.33,2839,30.4,57
16.92,2903,30.1,57
7.42,2943,30.1,57
28.05,2841,30.1,57
16.92,2903,30,57
8.46,2939,30,57
28.05,2841,30,57
17.14,2902,30.8,57
5.84,2949,30.8,57
30.58,2822,30.8,57
17.77,2899,30.3,57
7.16,2944,30.3,57
31.63,2813,30.3,57
16.92,2903,30.1,57
5.57,2950,30.1,57
28.61,2837,30.1,57
14.49,2914,30,57
7.42,2943,30,57
25.43,2858,30,57
18.81,2894,30.8,57
8.71,2938,30.8,57
27.46,2845,30.8,57
17.35,2901,30.3,57
11.2,2928,30.3,57
36.48,2681,30.3,57
17.14,2902,30.1,57
10.47,2931,30.1,57
28.61,2837,30.1,57
16.92,2903,30.7,57
3.67,2957,30.7,57
36.73,2688,30.7,57
16.92,2903,30.6,57
11.68,2926,30.6,57
26.7,2850,30.6,57
16.92,2903,30,57
10.22,2932,30,57
26.55,2851,30,57
16.92,2903,30.7,57
7.42,2943,30.7,57
29.43,2831,30.7,57
22.67,2874,30.7,57
8.46,2939,30.7,57
29.95,2827,30.7,57
17.77,2899,30.3,57
6.9,2945,30.3,57
26.55,2851,30.3,57
16.92,2903,30.2,57
-1.2,2974,30.2,57
26.24,2853,30.2,57
16.92,2903,30.9,57
2.83,2960,30.9,57
-192.3,3349,30.9,57
17.14,2902,30.4,57
4.76,2953,30.4,57
30.58,2822,30.4,57
16.92,2903,30.2,57
6.9,2945,30.2,57
29.69,2829,30.2,57
16.92,2903,30.3,57
4.22,2955,30.3,57
27.16,2847,30.3,57
17.14,2902,30.1,57
7.16,2944,30.1,57
29.3,2832,30.1,57
17.98,2898,30.9,57
5.84,2949,30.9,57
28.89,2835,30.9,57
17.14,2902,30.3,57
7.94,2941,30.3,57
29.03,2834,30.3,57
18.4,2896,30.1,57
9.47,2935,30.1,57
27.76,2843,30.1,57
17.14,2902,30.9,57
9.97,2933,30.9,57
30.82,2820,30.9,57
17.35,2901,30.4,57
5.3,2951,30.4,57
33.28,2797,30.4,57
17.14,2902,30.1,57
10.47,2931,30.1,57
28.33,2839,30.1,57
17.35,2901,30.7,57
9.47,2935,30.7,57
30.45,2823,30.7,57
17.14,2902,30.3,57
-134.3,3263,30.3,57
29.43,2831,30.3,57
17.35,2901,30.1,57
-30.85,3060,30.1,57
29.16,2833,30.1,57
16.49,2905,30.7,57
7.42,2943,30.7,57
-28.89,3055,30.7,57
17.35,2901,30.7,57
3.67,2957,30.7,57
25.92,2855,30.7,57
16.92,2903,30.2,57
8.46,2939,30.2,57
28.75,2836,30.2,57
17.35,2901,30.5,57
5.57,2950,30.5,57
27.31,2846,30.5,57
17.77,2899,30,57
5.03,2952,30,57
29.03,2834,30,57
16.92,2903,30.7,57
5.3,2951,30.7,57
28.89,2835,30.7,57
17.35,2901,30.2,57
12.64,2922,30.2,57
28.89,2835,30.2,57
17.77,2899,30.3,57
9.47,2935,30.3,57
29.03,2834,30.3,57
0.28,2906,30.1,57
29.16,2833,30.1,57
17.35,2901,30.7,57
7.42,2943,30.7,57
30.08,2826,30.7,57
16.28,2906,30.6,57
3.67,2957,30.6,57
29.95,2827,30.6,57
17.14,2902,30.3,57
4.49,2954,30.3,57
29.16,2833,30.3,57
16.49,2905,30.8,57
8.71,2938,30.8,57
27.76,2843,30.8,57
17.56,2900,30.4,57
6.9,2945,30.4,57
29.16,2833,30.4,57
17.77,2899,30.8,57
5.57,2950,30.8,57
28.75,2836,30.8,57
17.98,2898,30.2,57
10.71,2930,30.2,57
29.69,2829,30.2,57
17.77,2899,30.2,57
5.3,2951,30.2,57
32.23,2622,30.2,57
17.98,2898,30.2,57
4.22,2955,30.2,57
30.2,2825,30.2,57
18.4,2896,30.9,57
7.42,2943,30.9,57
28.47,2838,30.9,57
16.92,2903,30,57
5.57,2950,30,57
-35.25,3071,30,57
28.47,2838,30.5,57
5.84,2949,30.5,57
29.43,2831,30.5,57
18.19,2897,30,57
24.43,2864,30,57
21.94,2878,30,57
17.77,2899,30.1,57
8.2,2940,30.1,57
29.69,2829,30.1,57
16.92,2903,30.7,57
11.2,2928,30.7,57
29.3,2832,30.7,57
17.56,2900,30.2,57
7.94,2941,30.2,57
27.61,2844,30.2,57
17.14,2902,30.7,57
3.11,2959,30.7,57
36.84,2692,30.7,57
17.14,2902,30.3,57
7.94,2941,30.3,57
29.3,2832,30.3,57
17.56,2900,30.7,57
3.67,2957,30.7,57
28.61,2837,30.7,57
16.92,2903,30,57
6.64,2946,30,57
27.76,2843,30,57
18.19,2897,30.9,57
10.71,2930,30.9,57
29.95,2827,30.9,57
16.06,2907,30,57
7.68,2942,30,57
28.89,2835,30,57
17.77,2899,30,57
7.68,2942,30,57
26.7,2850,30,57
17.77,2899,30.2,57
9.97,2933,30.2,57
29.43,2831,30.2,57
18.4,2896,30.2,57
6.37,2947,30.2,57
25.92,2855,30.2,57
17.14,2902,30.4,57
7.16,2944,30.4,57
26.86,2849,30.4,57
17.35,2901,30.1,57
7.94,2941,30.1,57
29.3,2832,30.1,57
17.35,2901,30,57
10.96,2929,30,57
31.06,2818,30,57
17.35,2901,30.8,57
10.47,2931,30.8,57
29.16,2833,30.8,57
17.56,2900,30.6,57
5.3,2951,30.6,57
30.08,2826,30.6,57
16.49,2905,30.7,57
8.71,2938,30.7,57
29.3,2832,30.7,57
16.92,2903,30.6,57
6.11,2948,30.6,57
29.95,2827,30.6,57
17.35,2901,30.7,57
13.58,2918,30.7,57
29.16,2833,30.7,57
20.99,2883,30.9,57
7.42,2943,30.9,57
30.33,2824,30.9,57
17.77,2899,30.1,57
8.46,2939,30.1,57
31.4,2815,30.1,57
16.06,2907,30.3,57
7.16,2944,30.3,57
31.4,2815,30.3,57
17.35,2901,30.2,57
8.46,2939,30.2,57
29.43,2831,30.2,57
16.28,2906,30.2,57
3.11,2959,30.2,57
29.3,2832,30.2,57
17.14,2902,30.3,57
3.67,2957,30.3,57
28.89,2835,30.3,57
17.77,2899,30.2,57
8.46,2939,30.2,57
29.03,2834,30.2,57
17.56,2900,30.5,57
9.47,2935,30.5,57
29.3,2832,30.5,57
17.14,2902,30,57
6.9,2945,30,57
27.76,2843,30,57
17.56,2900,30.7,57
20.31,2543,30.7,57
28.61,2837,30.7,57
18.4,2896,30.1,57
10.71,2930,30.1,57
27.9,2842,30.1,57
17.56,2900,30.3,57
-145.09,3280,30.3,57
27.76,2843,30.3,57
16.92,2903,30.6,57
13.34,2919,30.6,57
28.61,2837,30.6,57
17.35,2901,30.5,57
10.47,2931,30.5,57
29.3,2832,30.5,57
17.35,2901,30.4,57
8.71,2938,30.4,57
28.33,2839,30.4,57
17.98,2898,30,57
7.42,2943,30,57
24.94,2861,30,57
16.92,2903,30.3,57
7.94,2941,30.3,57
28.47,2838,30.3,57
17.35,2901,30.1,57
7.16,2944,30.1,57
26.86,2849,30.1,57
17.77,2899,30.3,57
11.44,2927,30.3,57
29.43,2831,30.3,57
17.77,2899,30.5,57
9.47,2935,30.5,57
26.24,2853,30.5,57
16.92,2903,30,57
6.37,2947,30,57
26.86,2849,30,57
17.35,2901,30.9,57
7.94,2941,30.9,57
25.27,2859,30.9,57
17.14,2902,30.7,57
7.16,2944,30.7,57
29.03,2834,30.7,57
16.06,2907,30.8,57
8.46,2939,30.8,57
25.6,2857,30.8,57
17.14,2902,30.8,57
9.47,2935,30.8,57
28.05,2841,30.8,57
17.35,2901,30.2,57
7.94,2941,30.2,57
29.95,2827,30.2,57
17.35,2901,30.1,57
7.42,2943,30.1,57
30.08,2826,30.1,57
17.35,2901,30.3,57
6.9,2945,30.3,57
29.56,2830,30.3,57
17.77,2899,30.1,57
6.11,2948,30.1,57
-30.45,3059,30.1,57
17.35,2901,30.3,57
3.39,2958,30.3,57
29.3,2832,30.3,57
17.98,2898,30.1,57
8.71,2938,30.1,57
28.47,2838,30.1,57
17.14,2902,30.3,57
6.9,2945,30.3,57
29.16,2833,30.3,57
18.19,2897,30.1,57
8.71,2938,30.1,57
28.61,2837,30.1,57
17.77,2899,30.3,57
4.49,2954,30.3,57
35.07,2775,30.3,57
16.92,2903,30.1,57
4.22,2955,30.1,57
27.31,2846,30.1,57
16.92,2903,30.9,57
6.9,2945,30.9,57
-199.59,3359,30.9,57
16.92,2903,30.8,57
6.9,2945,30.8,57
27.9,2842,30.8,57
17.77,2899,30.8,57
7.94,2941,30.8,57
-119.61,3239,30.8,57
18.4,2896,30.8,57
4.22,2955,30.8,57
29.03,2834,30.8,57
-1.49,2975,30.2,57
7.68,2942,30.2,57
24.43,2864,30.2,57
17.14,2902,30.4,57
7.42,2943,30.4,57
25.27,2859,30.4,57
18.4,2896,30.1,57
35.61,2663,30.1,57
28.47,2838,30.1,57
15.39,2910,30.2,57
8.46,2939,30.2,57
28.47,2838,30.2,57
16.92,2903,30.5,57
36.73,2688,30.5,57
30.82,2820,30.5,57
16.49,2905,30.7,57
4.49,2954,30.7,57
28.89,2835,30.7,57
16.92,2903,30.6,57
5.84,2949,30.6,57
28.33,2839,30.6,57
17.98,2898,30.2,57
11.68,2926,30.2,57
27.76,2843,30.2,57
17.77,2899,30.9,57
7.16,2944,30.9,57
28.89,2835,30.9,57
17.14,2902,30,57
8.96,2937,30,57
28.05,2841,30,57
14.49,2914,30.9,57
5.3,2951,30.9,57
-134.3,3263,30.9,57
17.56,2900,30,57
5.3,2951,30,57
34.36,2645,30,57
17.14,2902,30.2,57
8.46,2939,30.2,57
30.08,2826,30.2,57
17.77,2899,30.8,57
9.47,2935,30.8,57
27.76,2843,30.8,57
17.56,2900,30,57
-106.16,3216,30,57
33.18,2798,30,57
16.92,2903,30.2,57
10.47,2931,30.2,57
29.16,2833,30.2,57
16.49,2905,30.8,57
6.9,2945,30.8,57
23.92,2867,30.8,57
17.77,2899,30,57
36.34,2752,30,57
26.86,2849,30,57
16.92,2903,30.6,57
9.47,2935,30.6,57
29.03,2834,30.6,57
16.92,2903,30.4,57
11.2,2928,30.4,57
28.05,2841,30.4,57
16.92,2903,30.7,57
7.42,2943,30.7,57
26.24,2853,30.7,57
17.77,2899,30.4,57
-41.27,2344,30.4,57
29.56,2830,30.4,57
17.56,2900,30.7,57
3.11,2959,30.7,57
29.56,2830,30.7,57
17.14,2902,30.5,57
7.94,2941,30.5,57
29.16,2833,30.5,57
16.92,2903,30.7,57
11.2,2928,30.7,57
-217.19,2047,30.7,57
15.84,2908,30.5,57
4.22,2955,30.5,57
28.89,2835,30.5,57
17.14,2902,30.7,57
8.71,2938,30.7,57
29.69,2829,30.7,57
17.14,2902,30.5,57
9.97,2933,30.5,57
31.29,2816,30.5,57
17.77,2899,30.3,57
8.71,2938,30.3,57
26.55,2851,30.3,57
16.92,2903,30.8,57
11.2,2928,30.8,57
30.45,2823,30.8,57
17.14,2902,30.5,57
12.64,2922,30.5,57
27.46,2845,30.5,57
17.77,2899,30.9,57
6.64,2946,30.9,57
36.74,2741,30.9,57
12.4,2923,30,57
7.42,2943,30,57
26.24,2853,30,57
7.16,2944,30.6,57
6.11,2948,30.6,57
26.55,2851,30.6,57
17.35,2901,30.4,57
7.42,2943,30.4,57
27.9,2842,30.4,57
17.77,2899,30.7,57
9.47,2935,30.7,57
28.89,2835,30.7,57
17.35,2901,30.1,57
3.11,2959,30.1,57
29.43,2831,30.1,57
17.77,2899,30.6,57
5.57,2950,30.6,57
35.23,2657,30.6,57
17.14,2902,30.4,57
6.9,2945,30.4,57
29.43,2831,30.4,57
17.14,2902,30.7,57
7.42,2943,30.7,57
27.61,2844,30.7,57
16.92,2903,30.1,57
3.11,2959,30.1,57
30.94,2819,30.1,57
32.99,2800,30.6,57
7.16,2944,30.6,57
30.08,2826,30.6,57
17.56,2900,30.3,57
6.37,2947,30.3,57
29.43,2831,30.3,57
17.56,2900,30.8,57
6.9,2945,30.8,57
28.75,2836,30.8,57
17.56,2900,30.4,57
7.42,2943,30.4,57
30.2,2825,30.4,57
17.14,2902,30.8,57
7.94,2941,30.8,57
29.3,2832,30.8,57
17.35,2901,30.1,57
6.11,2948,30.1,57
29.3,2832,30.1,57
17.35,2901,30,57
6.37,2947,30,57
29.03,2834,30,57
18.4,2896,30.6,57
9.97,2933,30.6,57
30.45,2823,30.6,57
17.14,2902,30.3,57
9.47,2935,30.3,57
20.21,2887,30.3,57
17.14,2902,30.8,57
9.47,2935,30.8,57
28.05,2841,30.8,57
16.92,2903,30.5,57
8.46,2939,30.5,57
28.33,2839,30.5,57
16.49,2905,30.3,57
-83.68,3175,30.3,57
28.47,2838,30.3,57
17.77,2899,30.8,57
35.97,2760,30.8,57
27.76,2843,30.8,57
17.35,2901,30.5,57
11.68,2926,30.5,57
29.69,2829,30.5,57
16.06,2907,30.9,57
7.94,2941,30.9,57
31.4,2815,30.9,57
17.35,2901,30,57
-133.67,3262,30,57
31.96,2810,30,57
17.14,2902,30,57
10.47,2931,30,57
28.89,2835,30,57
17.98,2898,30,57
-1.49,2975,30,57
29.3,2832,30,57
17.35,2901,30,57
7.42,2943,30,57
-1049.43,4095,30,57
16.49,2905,30,57
9.72,2934,30,57
27.16,2847,30,57
17.14,2902,30,57
-2.99,2980,30,57
29.3,2832,30,57
17.35,2901,30.2,57
6.9,2945,30.2,57
27.31,2846,30.2,57
17.77,2899,30.9,57
8.71,2938,30.9,57
29.16,2833,30.9,57
16.92,2903,30.8,57
6.37,2947,30.8,57
30.94,2819,30.8,57
17.14,2902,30.2,57
2.83,2960,30.2,57
28.61,2837,30.2,57
17.77,2899,30.9,57
7.94,2941,30.9,57
28.61,2837,30.9,57
17.35,2901,30.8,57
35.07,2775,30.8,57
28.05,2841,30.8,57
17.98,2898,30.2,57
7.16,2944,30.2,57
30.94,2819,30.2,57
17.56,2900,30.3,57
9.97,2933,30.3,57
24.43,2864,30.3,57
20.21,2887,30.1,57
5.57,2950,30.1,57
27.16,2847,30.1,57
17.98,2898,30.7,57
8.71,2938,30.7,57
25.27,2859,30.7,57
15.17,2911,30.2,57
6.64,2946,30.2,57
29.3,2832,30.2,57
16.92,2903,30.3,57
-4.52,2985,30.3,57
29.56,2830,30.3,57
17.77,2899,30.1,57
11.2,2928,30.1,57
28.89,2835,30.1,57
17.35,2901,30.9,57
7.68,2942,30.9,57
29.3,2832,30.9,57
18.4,2896,30.8,57
7.42,2943,30.8,57
28.89,2835,30.8,57
16.92,2903,30.2,57
6.9,2945,30.2,57
26.86,2849,30.2,57
17.14,2902,30.9,57
12.4,2923,30.9,57
31.4,2815,30.9,57
17.14,2902,30.2,57
36.04,2671,30.2,57
26.55,2851,30.2,57
17.35,2901,30.7,57
10.71,2930,30.7,57
28.61,2837,30.7,57
17.35,2901,30,57
5.84,2949,30,57
27.46,2845,30,57
16.49,2905,30.8,57
4.49,2954,30.8,57
28.33,2839,30.8,57
18.4,2896,30.2,57
8.96,2937,30.2,57
28.33,2839,30.2,57
16.92,2903,30.3,57
9.97,2933,30.3,57
27.31,2846,30.3,57
17.98,2898,30.4,57
8.46,2939,30.4,57
26.7,2850,30.4,57
18.4,2896,30.4,57
4.49,2954,30.4,57
28.89,2835,30.4,57
16.92,2903,30.4,57
8.96,2937,30.4,57
29.3,2832,30.4,57
17.35,2901,30.9,57
3.94,2956,30.9,57
28.61,2837,30.9,57
17.98,2898,30.2,57
5.03,2952,30.2,57
30.58,2822,30.2,57
17.98,2898,30.7,57
9.72,2934,30.7,57
29.95,2827,30.7,57
16.06,2907,30.2,57
9.47,2935,30.2,57
27.46,2845,30.2,57
17.98,2898,30.7,57
5.3,2951,30.7,57
31.96,2810,30.7,57
16.92,2903,30.2,57
6.37,2947,30.2,57
30.94,2819,30.2,57
17.35,2901,30.9,57
7.42,2943,30.9,57
29.43,2831,30.9,57
17.35,2901,30.2,57
8.71,2938,30.2,57
26.55,2851,30.2,57
17.14,2902,30.3,57
5.84,2949,30.3,57
27.31,2846,30.3,57
16.49,2905,30.5,57
7.94,2941,30.5,57
27.46,2845,30.5,57
17.56,2900,30.1,57
10.22,2932,30.1,57
27.76,2843,30.1,57
17.35,2901,30.9,57
4.22,2955,30.9,57
29.43,2831,30.9,57
16.92,2903,30.8,57
-492.06,3678,30.8,57
26.24,2853,30.8,57
17.35,2901,30.2,57
8.96,2937,30.2,57
36.73,2688,30.2,57
17.98,2898,30.3,57
6.9,2945,30.3,57
29.03,2834,30.3,57
16.28,2906,30.9,57
11.68,2926,30.9,57
29.56,2830,30.9,57
17.98,2898,30.8,57
7.42,2943,30.8,57
29.16,2833,30.8,57
17.35,2901,30.2,57
6.9,2945,30.2,57
22.67,2874,30.2,57
16.92,2903,30.9,57
18.19,2897,30.9,57
27.46,2845,30.9,57
17.77,2899,30.8,57
8.46,2939,30.8,57
29.16,2833,30.8,57
17.35,2901,30.6,57
6.64,2946,30.6,57
29.16,2833,30.6,57
17.98,2898,30.6,57
7.42,2943,30.6,57
28.47,2838,30.6,57
17.98,2898,30.5,57
7.16,2944,30.5,57
29.69,2829,30.5,57
17.35,2901,30.5,57
3.39,2958,30.5,57
26.08,2854,30.5,57
16.71,2904,30.5,57
7.68,2942,30.5,57
27.16,2847,30.5,57
17.56,2900,30.1,57
8.71,2938,30.1,57
27.9,2842,30.1,57
17.14,2902,30.7,57
3.11,2959,30.7,57
29.56,2830,30.7,57
17.77,2899,30.6,57
6.9,2945,30.6,57
28.47,2838,30.6,57
17.35,2901,30,57
7.68,2942,30,57
27.9,2842,30,57
16.28,2906,30.7,57
7.16,2944,30.7,57
26.55,2851,30.7,57
16.49,2905,30.6,57
6.11,2948,30.6,57
28.33,2839,30.6,57
17.77,2899,30.1,57
10.71,2930,30.1,57
29.3,2832,30.1,57
16.49,2905,30.9,57
7.16,2944,30.9,57
28.05,2841,30.9,57
17.35,2901,30.8,57
3.67,2957,30.8,57
30.58,2822,30.8,57
8.71,2938,30.7,57
4.76,2953,30.7,57
29.56,2830,30.7,57
18.19,2897,30.6,57
7.16,2944,30.6,57
13.22,2510,30.6,57
15.17,2911,30.6,57
7.16,2944,30.6,57
29.3,2832,30.6,57
16.92,2903,30,57
10.47,2931,30,57
25.76,2856,30,57
17.35,2901,30.2,57
6.11,2948,30.2,57
29.69,2829,30.2,57
17.56,2900,30.3,57
6.37,2947,30.3,57
27.9,2842,30.3,57
17.35,2901,30.4,57
8.46,2939,30.4,57
29.3,2832,30.4,57
18.4,2896,30.5,57
4.76,2953,30.5,57
29.03,2834,30.5,57
17.35,2901,30.1,57
11.2,2928,30.1,57
29.03,2834,30.1,57
16.92,2903,30.9,57
5.57,2950,30.9,57
22.58,2555,30.9,57
16.06,2907,30.2,57
1.99,2963,30.2,57
33.18,2798,30.2,57
32.99,2800,30.3,57
14.27,2915,30.3,57
28.33,2839,30.3,57
17.35,2901,30.4,57
11.44,2927,30.4,57
28.33,2839,30.4,57
17.35,2901,30.1,57
7.16,2944,30.1,57
32.12,2621,30.1,57
17.98,2898,30.3,57
8.46,2939,30.3,57
29.3,2832,30.3,57
17.35,2901,30.3,57
7.16,2944,30.3,57
29.16,2833,30.3,57
17.77,2899,30.3,57
8.71,2938,30.3,57
28.61,2837,30.3,57
17.14,2902,30.9,57
9.47,2935,30.9,57
-62.41,2297,30.9,57
17.77,2899,30.2,57
6.9,2945,30.2,57
27.31,2846,30.2,57
18.19,2897,30.9,57
-80.03,3168,30.9,57
26.24,2853,30.9,57
17.14,2902,30.2,57
8.71,2938,30.2,57
29.95,2827,30.2,57
18.19,2897,30.9,57
13.34,2919,30.9,57
29.16,2833,30.9,57
16.92,2903,30.2,57
4.22,2955,30.2,57
31.4,2815,30.2,57
16.92,2903,30.9,57
7.42,2943,30.9,57
27.16,2847,30.9,57
17.77,2899,30.2,57
9.47,2935,30.2,57
25.6,2857,30.2,57
9.72,2934,30.4,57
7.42,2943,30.4,57
29.16,2833,30.4,57
17.98,2898,30.5,57
5.57,2950,30.5,57
28.33,2839,30.5,57
17.56,2900,30.5,57
7.42,2943,30.5,57
29.3,2832,30.5,57
17.35,2901,30.5,57
7.94,2941,30.5,57
30.94,2819,30.5,57
17.98,2898,30.8,57
6.37,2947,30.8,57
22.31,2876,30.8,57
17.77,2899,30.2,57
-3.29,2981,30.2,57
30.45,2823,30.2,57
17.77,2899,30.3,57
8.46,2939,30.3,57
-17.41,3024,30.3,57
17.35,2901,30.4,57
10.71,2930,30.4,57
27.76,2843,30.4,57
17.77,2899,30.1,57
8.2,2940,30.1,57
28.89,2835,30.1,57
17.35,2901,30.9,57
8.71,2938,30.9,57
36.88,2736,30.9,57
18.4,2896,30.2,57
8.96,2937,30.2,57
28.61,2837,30.2,57
17.77,2899,30.3,57
9.97,2933,30.3,57
29.16,2833,30.3,57
17.35,2901,30.4,57
14.49,2914,30.4,57
28.05,2841,30.4,57
17.77,2899,30.1,57
11.2,2928,30.1,57
29.3,2832,30.1,57
17.35,2901,30.9,57
9.72,2934,30.9,57
28.61,2837,30.9,57
17.56,2900,30.8,57
6.37,2947,30.8,57
29.56,2830,30.8,57
18.4,2896,30.8,57
4.22,2955,30.8,57
27.31,2846,30.8,57
14.72,2913,30.2,57
7.94,2941,30.2,57
27.01,2848,30.2,57
18.4,2896,30.9,57
5.84,2949,30.9,57
29.3,2832,30.9,57
17.98,2898,30.5,57
13.58,2918,30.5,57
29.95,2827,30.5,57
17.35,2901,30.4,57
7.94,2941,30.4,57
29.69,2829,30.4,57
14.49,2914,30.4,57
5.57,2950,30.4,57
29.03,2834,30.4,57
17.35,2901,30.4,57
5.3,2951,30.4,57
28.05,2841,30.4,57
17.35,2901,30.5,57
21.75,2879,30.5,57
28.47,2838,30.5,57
16.92,2903,30.1,57
7.94,2941,30.1,57
28.61,2837,30.1,57
17.77,2899,30.8,57
9.47,2935,30.8,57
28.47,2838,30.8,57
16.06,2907,30.2,57
8.71,2938,30.2,57
-378.1,3568,30.2,57
16.92,2903,30.7,57
6.64,2946,30.7,57
28.75,2836,30.7,57
17.35,2901,30.2,57
8.71,2938,30.2,57
31.4,2815,30.2,57
16.92,2903,30.4,57
8.71,2938,30.4,57
30.82,2820,30.4,57
17.14,2902,30.4,57
-28.89,3055,30.4,57
28.05,2841,30.4,57
17.35,2901,30.4,57
5.3,2951,30.4,57
30.45,2823,30.4,57
16.28,2906,30.7,57
6.37,2947,30.7,57
36.39,2751,30.7,57
17.56,2900,30.6,57
7.16,2944,30.6,57
28.33,2839,30.6,57
34.56,2782,30,57
2.27,2962,30,57
28.61,2837,30,57
28.19,2840,30.6,57
35.03,2654,30.6,57
28.47,2838,30.6,57
17.98,2898,30,57
8.2,2940,30,57
29.16,2833,30,57
16.92,2903,30.7,57
0.85,2967,30.7,57
37.14,2715,30.7,57
17.77,2899,30.6,57
12.88,2921,30.6,57
31.17,2817,30.6,57
16.49,2905,30,57
1.13,2966,30,57
30.7,2821,30,57
15.17,2911,30.3,57
36.95,2733,30.3,57
29.3,2832,30.3,57
16.28,2906,30.5,57
7.68,2942,30.5,57
32.74,2627,30.5,57
17.35,2901,30,57
9.72,2934,30,57
29.3,2832,30,57
16.92,2903,30.3,57
7.68,2942,30.3,57
29.03,2834,30.3,57
17.35,2901,30.9,57
6.37,2947,30.9,57
28.33,2839,30.9,57
16.92,2903,30.8,57
33.82,2791,30.8,57
31.29,2816,30.8,57
18.4,2896,30.8,57
8.2,2940,30.8,57
27.31,2846,30.8,57
17.77,2899,30.6,57
12.4,2923,30.6,57
29.03,2834,30.6,57
17.77,2899,30.2,57
6.64,2946,30.2,57
27.46,2845,30.2,57
17.14,2902,30.3,57
6.9,2945,30.3,57
29.3,2832,30.3,57
17.56,2900,30.4,57
7.42,2943,30.4,57
28.05,2841,30.4,57
17.56,2900,30.3,57
9.47,2935,30.3,57
27.76,2843,30.3,57
14.27,2915,30.5,57
4.76,2953,30.5,57
26.7,2850,30.5,57
17.35,2901,30.4,57
8.2,2940,30.4,57
27.31,2846,30.4,57
16.92,2903,30.5,57
11.44,2927,30.5,57
30.08,2826,30.5,57
17.77,2899,30.4,57
6.9,2945,30.4,57
27.16,2847,30.4,57
16.92,2903,30.5,57
8.96,2937,30.5,57
29.43,2831,30.5,57
16.92,2903,30.5,57
8.46,2939,30.5,57
29.3,2832,30.5,57
17.77,2899,30.1,57
14.27,2915,30.1,57
30.08,2826,30.1,57
17.14,2902,30.2,57
2.83,2960,30.2,57
26.7,2850,30.2,57
17.77,2899,30.3,57
7.42,2943,30.3,57
29.16,2833,30.3,57
17.14,2902,30.3,57
5.3,2951,30.3,57
29.16,2833,30.3,57
17.14,2902,30.4,57
11.68,2926,30.4,57
30.45,2823,30.4,57
16.49,2905,30.5,57
7.68,2942,30.5,57
29.82,2828,30.5,57
16.92,2903,30.5,57
11.2,2928,30.5,57
29.3,2832,30.5,57
16.92,2903,30.1,57
7.16,2944,30.1,57
29.3,2832,30.1,57
15.39,2910,30.8,57
16.06,2907,30.8,57
28.61,2837,30.8,57
16.49,2905,30,57
7.68,2942,30,57
28.89,2835,30,57
17.35,2901,30.2,57
8.46,2939,30.2,57
11.44,2927,30.2,57
17.77,2899,30.3,57
11.2,2928,30.3,57
28.33,2839,30.3,57
17.35,2901,30.3,57
8.46,2939,30.3,57
27.9,2842,30.3,57
16.92,2903,30.3,57
10.47,2931,30.3,57
27.76,2843,30.3,57
17.14,2902,30.3,57
8.71,2938,30.3,57
28.89,2835,30.3,57
17.35,2901,30.3,57
8.46,2939,30.3,57
29.03,2834,30.3,57
17.77,2899,30.3,57
6.11,2948,30.3,57
30.45,2823,30.3,57
18.19,2897,30.4,57
15.17,2911,30.4,57
31.4,2815,30.4,57
26.24,2853,30.5,57
9.47,2935,30.5,57
26.7,2850,30.5,57
17.98,2898,30.5,57
9.47,2935,30.5,57
29.56,2830,30.5,57
17.14,2902,30.5,57
6.9,2945,30.5,57
29.3,2832,30.5,57
16.92,2903,30.4,57
6.9,2945,30.4,57
-138.7,3270,30.4,57
16.92,2903,30.4,57
9.47,2935,30.4,57
29.3,2832,30.4,57
17.35,2901,30.4,57
8.46,2939,30.4,57
24.6,2863,30.4,57
17.56,2900,30.5,57
7.16,2944,30.5,57
28.33,2839,30.5,57
17.98,2898,30.4,57
7.42,2943,30.4,57
29.3,2832,30.4,57
16.49,2905,30.4,57
4.49,2954,30.4,57
29.3,2832,30.4,57
17.98,2898,30.3,57
8.71,2938,30.3,57
30.45,2823,30.3,57
17.14,2902,30.7,57
5.3,2951,30.7,57
27.46,2845,30.7,57
17.35,2901,30.5,57
6.64,2946,30.5,57
29.3,2832,30.5,57
17.98,2898,30.4,57
3.94,2956,30.4,57
29.69,2829,30.4,57
18.81,2894,30.4,57
6.37,2947,30.4,57
29.69,2829,30.4,57
17.35,2901,30.4,57
8.71,2938,30.4,57
28.33,2839,30.4,57
17.14,2902,30.4,57
6.9,2945,30.4,57
28.47,2838,30.4,57
16.49,2905,30.4,57
37.1,2707,30.4,57
28.33,2839,30.4,57
17.14,2902,30.4,57
7.68,2942,30.4,57
32.69,2803,30.4,57
17.35,2901,30.4,57
7.94,2941,30.4,57
27.9,2842,30.4,57
18.19,2897,30.4,57
7.42,2943,30.4,57
28.47,2838,30.4,57
17.98,2898,30.4,57
20.41,2886,30.4,57
28.61,2837,30.4,57
-42.32,3088,30.4,57
5.3,2951,30.4,57
27.31,2846,30.4,57
16.92,2903,30.4,57
7.94,2941,30.4,57
28.75,2836,30.4,57
19.22,2892,30.3,57
7.68,2942,30.3,57
29.43,2831,30.3,57
16.06,2907,30.3,57
10.96,2929,30.3,57
17.77,2899,30.3,57
17.14,2902,30.3,57
6.64,2946,30.3,57
27.16,2847,30.3,57
17.35,2901,30.4,57
5.3,2951,30.4,57
28.89,2835,30.4,57
17.35,2901,30.4,57
6.37,2947,30.4,57
33.09,2799,30.4,57
18.61,2895,30.4,57
7.42,2943,30.4,57
28.61,2837,30.4,57
17.77,2899,30.4,57
7.42,2943,30.4,57
27.61,2844,30.4,57
17.35,2901,30.3,57
2.27,2962,30.3,57
21.37,2881,30.3,57
-17.41,3024,30.3,57
11.2,2928,30.3,57
26.55,2851,30.3,57
17.35,2901,30.3,57
7.94,2941,30.3,57
28.61,2837,30.3,57
17.77,2899,30.9,57
7.94,2941,30.9,57
28.75,2836,30.9,57
17.56,2900,30,57
5.3,2951,30,57
28.33,2839,30,57
18.19,2897,30.2,57
10.71,2930,30.2,57
28.47,2838,30.2,57
17.77,2899,30.3,57
7.16,2944,30.3,57
29.03,2834,30.3,57
18.19,2897,30.7,57
7.16,2944,30.7,57
28.75,2836,30.7,57
17.35,2901,30,57
4.22,2955,30,57
26.39,2852,30,57
17.35,2901,30.8,57
5.84,2949,30.8,57
-38.33,2351,30.8,57
16.49,2905,30.6,57
7.42,2943,30.6,57
29.16,2833,30.6,57
17.98,2898,30.5,57
-98.83,3203,30.5,57
36.56,2683,30.5,57
31.85,2811,30.5,57
9.97,2933,30.5,57
29.82,2828,30.5,57
16.92,2903,30.5,57
7.94,2941,30.5,57
29.03,2834,30.5,57
18.19,2897,30.5,57
5.57,2950,30.5,57
29.3,2832,30.5,57
18.61,2895,30.5,57
6.37,2947,30.5,57
30.7,2821,30.5,57
17.56,2900,30.4,57
8.96,2937,30.4,57
29.95,2827,30.4,57
17.14,2902,30.9,57
8.2,2940,30.9,57
30.88,2610,30.9,57
16.92,2903,30.6,57
14.72,2913,30.6,57
29.3,2832,30.6,57
12.64,2922,30.5,57
5.84,2949,30.5,57
29.95,2827,30.5,57
16.92,2903,30.4,57
8.71,2938,30.4,57
29.03,2834,30.4,57
17.56,2900,30.3,57
2.83,2960,30.3,57
28.89,2835,30.3,57
17.14,2902,30.9,57
-4.83,2986,30.9,57
26.08,2854,30.9,57
17.98,2898,30.6,57
6.37,2947,30.6,57
27.01,2848,30.6,57
11.44,2927,30.5,57
-66.49,3141,30.5,57
28.61,2837,30.5,57
17.77,2899,30.4,57
6.9,2945,30.4,57
29.3,2832,30.4,57
24.26,2865,30.9,57
-51.51,3109,30.9,57
28.61,2837,30.9,57
18.4,2896,30.6,57
3.11,2959,30.6,57
30.45,2823,30.6,57
17.56,2900,30.1,57
7.42,2943,30.1,57
28.89,2835,30.1,57
17.77,2899,30.8,57
3.11,2959,30.8,57
29.3,2832,30.8,57
17.35,2901,30,57
7.42,2943,30,57
27.01,2848,30,57
16.92,2903,30.2,57
9.47,2935,30.2,57
29.69,2829,30.2,57
17.77,2899,30.8,57
4.49,2954,30.8,57
28.47,2838,30.8,57
17.77,2899,30.6,57
2.83,2960,30.6,57
27.01,2848,30.6,57
18.4,2896,30.5,57
35.07,2775,30.5,57
28.61,2837,30.5,57
32.59,2804,30.5,57
-50.62,3107,30.5,57
29.3,2832,30.5,57
16.49,2905,30.5,57
6.9,2945,30.5,57
29.3,2832,30.5,57
16.92,2903,30.4,57
7.68,2942,30.4,57
28.05,2841,30.4,57
16.49,2905,30.3,57
8.46,2939,30.3,57
29.43,2831,30.3,57
16.92,2903,30.3,57
11.2,2928,30.3,57
31.17,2817,30.3,57
17.35,2901,30.9,57
8.71,2938,30.9,57
29.3,2832,30.9,57
17.35,2901,30.6,57
9.47,2935,30.6,57
29.16,2833,30.6,57
17.56,2900,30.5,57
12.4,2923,30.5,57
36.02,2759,30.5,57
17.98,2898,30.4,57
7.68,2942,30.4,57
28.89,2835,30.4,57
18.4,2896,30.3,57
12.16,2924,30.3,57
29.95,2827,30.3,57
17.98,2898,30.7,57
10.22,2932,30.7,57
27.61,2844,30.7,57
17.35,2901,30.5,57
7.42,2943,30.5,57
29.3,2832,30.5,57
17.56,2900,30.5,57
7.16,2944,30.5,57
29.3,2832,30.5,57
18.19,2897,30.5,57
4.49,2954,30.5,57
27.61,2844,30.5,57
17.35,2901,30.5,57
4.49,2954,30.5,57
29.03,2834,30.5,57
17.56,2900,30.5,57
2.83,2960,30.5,57
28.47,2838,30.5,57
17.98,2898,30.4,57
6.37,2947,30.4,57
28.61,2837,30.4,57
17.77,2899,30.4,57
7.42,2943,30.4,57
-19.19,3029,30.4,57
18.61,2895,30.4,57
6.37,2947,30.4,57
29.3,2832,30.4,57
17.56,2900,30.3,57
8.96,2937,30.3,57
28.61,2837,30.3,57
16.92,2903,30.4,57
7.42,2943,30.4,57
26.08,2854,30.4,57
17.35,2901,30.4,57
7.94,2941,30.4,57
-19.73,2399,30.4,57
16.92,2903,30.4,57
4.22,2955,30.4,57
29.03,2834,30.4,57
17.14,2902,30.4,57
12.4,2923,30.4,57
26.86,2849,30.4,57
17.35,2901,30.4,57
7.16,2944,30.4,57
28.33,2839,30.4,57
17.14,2902,30.4,57
5.57,2950,30.4,57
28.33,2839,30.4,57
21.18,2882,30.9,57
10.22,2932,30.9,57
36.09,2672,30.9,57
16.06,2907,30.6,57
2.83,2960,30.6,57
29.3,2832,30.6,57
17.56,2900,30.5,57
8.71,2938,30.5,57
29.3,2832,30.5,57
17.56,2900,30.5,57
5.3,2951,30.5,57
28.33,2839,30.5,57
16.06,2907,30.5,57
8.71,2938,30.5,57
29.16,2833,30.5,57
17.77,2899,30.4,57
7.16,2944,30.4,57
-54.47,2314,30.4,57
17.56,2900,30.5,57
8.71,2938,30.5,57
28.05,2841,30.5,57
19.01,2893,30.4,57
10.47,2931,30.4,57
27.76,2843,30.4,57
17.14,2902,30.4,57
9.97,2933,30.4,57
28.05,2841,30.4,57
24.94,2861,30.3,57
5.3,2951,30.3,57
27.9,2842,30.3,57
16.92,2903,30.9,57
6.64,2946,30.9,57
31.4,2815,30.9,57
17.35,2901,30.2,57
7.42,2943,30.2,57
28.75,2836,30.2,57
17.77,2899,30.7,57
7.68,2942,30.7,57
29.3,2832,30.7,57
17.77,2899,30,57
37.05,2727,30,57
31.4,2815,30,57
16.28,2906,30.2,57
7.16,2944,30.2,57
32.28,2807,30.2,57
17.98,2898,30.3,57
1.13,2966,30.3,57
-126.87,3251,30.3,57
17.77,2899,30.9,57
5.84,2949,30.9,57
29.3,2832,30.9,57
17.35,2901,30.6,57
7.42,2943,30.6,57
29.3,2832,30.6,57
17.56,2900,30.5,57
8.96,2937,30.5,57
30.7,2821,30.5,57
15.62,2909,30.5,57
7.94,2941,30.5,57
29.95,2827,30.5,57
17.35,2901,30.5,57
8.46,2939,30.5,57
28.61,2837,30.5,57
31.29,2816,30.5,57
-392.82,3583,30.5,57
29.3,2832,30.5,57
17.56,2900,30.5,57
7.42,2943,30.5,57
28.89,2835,30.5,57
17.77,2899,30.4,57
5.3,2951,30.4,57
27.9,2842,30.4,57
17.77,2899,30.5,57
11.44,2927,30.5,57
28.05,2841,30.5,57
17.98,2898,30.5,57
6.37,2947,30.5,57
29.16,2833,30.5,57
17.35,2901,30.5,57
11.68,2926,30.5,57
29.3,2832,30.5,57
17.14,2902,30.5,57
-80.55,3169,30.5,57
26.86,2849,30.5,57
20.21,2887,30.5,57
-2.69,2979,30.5,57
30.7,2821,30.5,57
17.77,2899,30.4,57
6.64,2946,30.4,57
27.01,2848,30.4,57
17.14,2902,30.5,57
5.84,2949,30.5,57
28.61,2837,30.5,57
16.92,2903,30.5,57
35.1,2655,30.5,57
29.3,2832,30.5,57
16.92,2903,30.5,57
10.47,2931,30.5,57
27.61,2844,30.5,57
17.35,2901,30.5,57
2.83,2960,30.5,57
27.76,2843,30.5,57
18.4,2896,30.4,57
7.68,2942,30.4,57
29.69,2829,30.4,57
17.35,2901,30.3,57
6.9,2945,30.3,57
-536.38,1712,30.3,57
16.92,2903,30.9,57
6.11,2948,30.9,57
27.76,2843,30.9,57
17.77,2899,30.6,57
10.96,2929,30.6,57
29.16,2833,30.6,57
18.61,2895,30,57
7.94,2941,30,57
26.86,2849,30,57
16.28,2906,30.8,57
10.71,2930,30.8,57
-35.25,3071,30.8,57
18.4,2896,30,57
2.83,2960,30,57
26.24,2853,30,57
16.28,2906,30.8,57
8.71,2938,30.8,57
29.16,2833,30.8,57
17.77,2899,30,57
9.47,2935,30,57
29.3,2832,30,57
16.92,2903,30.2,57
-132.42,3260,30.2,57
26.86,2849,30.2,57
18.4,2896,30.3,57
8.46,2939,30.3,57
29.3,2832,30.3,57
17.77,2899,30.3,57
7.42,2943,30.3,57
28.33,2839,30.3,57
17.56,2900,30.7,57
6.37,2947,30.7,57
32.28,2807,30.7,57
17.77,2899,30,57
7.68,2942,30,57
31.96,2810,30,57
17.98,2898,30.2,57
7.68,2942,30.2,57
31.52,2814,30.2,57
17.35,2901,30.3,57
4.49,2954,30.3,57
30.2,2825,30.3,57
18.19,2897,30.3,57
19.01,2893,30.3,57
28.89,2835,30.3,57
17.35,2901,30.9,57
7.16,2944,30.9,57
31.17,2817,30.9,57
18.19,2897,30.6,57
4.49,2954,30.6,57
27.16,2847,30.6,57
17.98,2898,30.5,57
11.2,2928,30.5,57
28.61,2837,30.5,57
17.56,2900,30.5,57
7.42,2943,30.5,57
30.33,2824,30.5,57
14.04,2916,30.5,57
8.71,2938,30.5,57
30.45,2823,30.5,57
16.92,2903,30.5,57
9.72,2934,30.5,57
27.16,2847,30.5,57
14.72,2913,30.5,57
11.2,2928,30.5,57
28.61,2837,30.5,57
17.35,2901,30.5,57
8.46,2939,30.5,57
30.7,2821,30.5,57
17.77,2899,30.5,57
6.9,2945,30.5,57
29.3,2832,30.5,57
17.35,2901,30.5,57
12.64,2922,30.5,57
28.75,2836,30.5,57
20.41,2886,30.5,57
8.96,2937,30.5,57
35.52,2768,30.5,57
17.14,2902,30.5,57
8.46,2939,30.5,57
27.61,2844,30.5,57
17.14,2902,30.5,57
9.72,2934,30.5,57
18.4,2896,30.5,57
17.56,2900,30.5,57
5.57,2950,30.5,57
27.76,2843,30.5,57
17.35,2901,30.4,57
-1.2,2974,30.4,57
28.05,2841,30.4,57
17.35,2901,30.4,57
31.4,2815,30.4,57
29.69,2829,30.4,57
17.77,2899,30.4,57
11.2,2928,30.4,57
-10.91,3005,30.4,57
17.77,2899,30.4,57
5.3,2951,30.4,57
28.33,2839,30.4,57
17.35,2901,30.4,57
9.47,2935,30.4,57
26.86,2849,30.4,57
15.17,2911,30.4,57
6.9,2945,30.4,57
25.6,2857,30.4,57
17.56,2900,30.4,57
8.46,2939,30.4,57
29.95,2827,30.4,57
17.14,2902,30.4,57
6.37,2947,30.4,57
27.9,2842,30.4,57
16.28,2906,30.4,57
-73.41,3155,30.4,57
27.46,2845,30.4,57
16.92,2903,30.4,57
3.11,2959,30.4,57
29.3,2832,30.4,57
17.98,2898,30.4,57
5.3,2951,30.4,57
29.3,2832,30.4,57
18.4,2896,30.9,57
6.64,2946,30.9,57
29.3,2832,30.9,57
17.77,2899,30.8,57
7.68,2942,30.8,57
35.13,2774,30.8,57
17.77,2899,30.6,57
9.47,2935,30.6,57
29.82,2828,30.6,57
17.56,2900,30.4,57
3.67,2957,30.4,57
29.3,2832,30.4,57
18.4,2896,30.3,57
8.96,2937,30.3,57
23.3,2559,30.3,57
17.35,2901,30.9,57
7.16,2944,30.9,57
26.86,2849,30.9,57
17.98,2898,30.8,57
4.49,2954,30.8,57
30.33,2824,30.8,57
16.92,2903,30,57
9.47,2935,30,57
30.45,2823,30,57
17.77,2899,30.8,57
7.68,2942,30.8,57
28.05,2841,30.8,57
18.19,2897,30.6,57
7.94,2941,30.6,57
27.9,2842,30.6,57
16.92,2903,30.5,57
7.68,2942,30.5,57
-12.25,3009,30.5,57
18.19,2897,30.4,57
10.47,2931,30.4,57
28.05,2841,30.4,57
17.56,2900,30.4,57
4.76,2953,30.4,57
27.31,2846,30.4,57
17.56,2900,30.4,57
7.42,2943,30.4,57
31.17,2817,30.4,57
16.92,2903,30.4,57
3.67,2957,30.4,57
30.08,2826,30.4,57
17.77,2899,30.4,57
1.42,2965,30.4,57
28.33,2839,30.4,57
17.35,2901,30.4,57
8.96,2937,30.4,57
29.3,2832,30.4,57
17.14,2902,30.4,57
10.71,2930,30.4,57
29.3,2832,30.4,57
17.14,2902,30.5,57
7.68,2942,30.5,57
28.05,2841,30.5,57
17.77,2899,30.4,57
6.9,2945,30.4,57
10.47,2931,30.4,57
30.82,2820,30.5,57
7.42,2943,30.5,57
27.9,2842,30.5,57
17.98,2898,30.4,57
35.4,2770,30.4,57
29.03,2834,30.4,57
17.98,2898,30.4,57
8.71,2938,30.4,57
28.89,2835,30.4,57
17.35,2901,30.4,57
7.94,2941,30.4,57
28.05,2841,30.4,57
17.35,2901,30.4,57
5.57,2950,30.4,57
29.56,2830,30.4,57
17.14,2902,30.4,57
33.18,2798,30.4,57
30.2,2825,30.4,57
17.77,2899,30.4,57
8.2,2940,30.4,57
-47.95,3101,30.4,57
17.77,2899,30.4,57
8.46,2939,30.4,57
28.61,2837,30.4,57
17.56,2900,30.1,57
5.84,2949,30.1,57
31.63,2813,30.1,57
17.77,2899,30.8,57
7.42,2943,30.8,57
2.83,2960,30.8,57
17.77,2899,30.2,57
9.97,2933,30.2,57
26.08,2854,30.2,57
17.14,2902,30.8,57
4.22,2955,30.8,57
25.27,2859,30.8,57
18.4,2896,30.6,57
5.84,2949,30.6,57
29.95,2827,30.6,57
17.77,2899,30.5,57
7.68,2942,30.5,57
29.3,2832,30.5,57
22.67,2874,30.5,57
-114.87,3231,30.5,57
24.09,2866,30.5,57
24.94,2861,30.5,57
5.57,2950,30.5,57
29.3,2832,30.5,57
17.56,2900,30.5,57
1.13,2966,30.5,57
29.69,2829,30.5,57
16.06,2907,30.5,57
5.84,2949,30.5,57
25.92,2855,30.5,57
17.14,2902,30.4,57
4.76,2953,30.4,57
29.3,2832,30.4,57
17.98,2898,30.3,57
6.64,2946,30.3,57
28.61,2837,30.3,57
17.35,2901,30.3,57
6.37,2947,30.3,57
27.16,2847,30.3,57
17.98,2898,30.4,57
7.94,2941,30.4,57
28.47,2838,30.4,57
18.19,2897,30.4,57
8.71,2938,30.4,57
28.61,2837,30.4,57
17.98,2898,30.3,57
-2.99,2980,30.3,57
27.31,2846,30.3,57
16.49,2905,30.3,57
7.16,2944,30.3,57
28.89,2835,30.3,57
18.19,2897,30.3,57
8.2,2940,30.3,57
29.3,2832,30.3,57
17.98,2898,30.9,57
4.76,2953,30.9,57
30.7,2821,30.9,57
17.56,2900,30.6,57
5.57,2950,30.6,57
28.61,2837,30.6,57
17.35,2901,30,57
-19.19,3029,30,57
24.43,2864,30,57
18.4,2896,30.2,57
8.96,2937,30.2,57
29.43,2831,30.2,57
17.98,2898,30.7,57
6.9,2945,30.7,57
36.81,2691,30.7,57
17.35,2901,30,57
6.9,2945,30,57
33.09,2799,30,57
17.14,2902,30.6,57
7.94,2941,30.6,57
29.43,2831,30.6,57
17.35,2901,30.5,57
2.83,2960,30.5,57
24.94,2861,30.5,57
9.72,2934,30.5,57
-81.59,3171,30.5,57
29.3,2832,30.5,57
16.92,2903,30.5,57
9.47,2935,30.5,57
27.16,2847,30.5,57
17.14,2902,30.4,57
6.37,2947,30.4,57
28.33,2839,30.4,57
16.92,2903,30.4,57
11.2,2928,30.4,57
28.61,2837,30.4,57
18.19,2897,30.4,57
6.37,2947,30.4,57
29.95,2827,30.4,57
17.77,2899,30.7,57
6.9,2945,30.7,57
-31.64,3062,30.7,57
16.92,2903,30.6,57
6.9,2945,30.6,57
23.21,2871,30.6,57
18.4,2896,30.5,57
6.64,2946,30.5,57
29.03,2834,30.5,57
17.35,2901,30.4,57
15.84,2908,30.4,57
28.61,2837,30.4,57
17.35,2901,30.3,57
8.46,2939,30.3,57
29.95,2827,30.3,57
17.56,2900,30.3,57
3.39,2958,30.3,57
28.33,2839,30.3,57
17.77,2899,30.9,57
7.94,2941,30.9,57
28.47,2838,30.9,57
18.81,2894,30.6,57
8.96,2937,30.6,57
27.76,2843,30.6,57
17.35,2901,30.5,57
11.44,2927,30.5,57
31.29,2816,30.5,57
18.19,2897,30.5,57
8.2,2940,30.5,57
30.45,2823,30.5,57
17.77,2899,30.1,57
6.9,2945,30.1,57
27.9,2842,30.1,57
18.19,2897,30.8,57
31.85,2811,30.8,57
29.3,2832,30.8,57
17.35,2901,30.6,57
5.84,2949,30.6,57
29.3,2832,30.6,57
17.35,2901,30.5,57
3.67,2957,30.5,57
31.96,2810,30.5,57
17.98,2898,30.4,57
5.3,2951,30.4,57
27.61,2844,30.4,57
18.19,2897,30.4,57
-13.6,3013,30.4,57
28.47,2838,30.4,57
15.62,2909,30.3,57
7.68,2942,30.3,57
27.9,2842,30.3,57
17.77,2899,30.3,57
6.11,2948,30.3,57
29.03,2834,30.3,57
17.56,2900,30.9,57
7.94,2941,30.9,57
29.3,2832,30.9,57
22.85,2873,30.6,57
7.16,2944,30.6,57
27.76,2843,30.6,57
17.98,2898,30.5,57
15.17,2911,30.5,57
27.16,2847,30.5,57
17.14,2902,30.4,57
8.46,2939,30.4,57
27.31,2846,30.4,57
17.77,2899,30.3,57
11.2,2928,30.3,57
29.56,2830,30.3,57
17.77,2899,30.8,57
8.2,2940,30.8,57
29.56,2830,30.8,57
32.99,2800,30,57
3.67,2957,30,57
27.16,2847,30,57
23.21,2871,30.6,57
6.11,2948,30.6,57
27.61,2844,30.6,57
17.35,2901,30.4,57
8.2,2940,30.4,57
29.16,2833,30.4,57
27.31,2846,30.7,57
0.27,2969,30.7,57
27.46,2845,30.7,57
17.35,2901,30.5,57
7.68,2942,30.5,57
24.6,2863,30.5,57
18.4,2896,30.3,57
5.3,2951,30.3,57
27.01,2848,30.3,57
0,,,
7.94,2941,30.7,57
29.3,2832,30.7,57
17.14,2902,30.1,57
7.42,2943,30.1,57
28.89,2835,30.1,57
17.14,2902,30.8,57
13.81,2917,30.8,57
29.3,2832,30.8,57
17.35,2901,30.6,57
7.42,2943,30.6,57
26.7,2850,30.6,57
18.19,2897,30.1,57
11.2,2928,30.1,57
27.61,2844,30.1,57
17.56,2900,30.8,57
7.16,2944,30.8,57
26.24,2853,30.8,57
21.75,2879,30.6,57
9.72,2934,30.6,57
29.3,2832,30.6,57
17.35,2901,30.5,57
7.16,2944,30.5,57
28.61,2837,30.5,57
17.56,2900,30.5,57
8.71,2938,30.5,57
29.3,2832,30.5,57
18.19,2897,30.3,57
6.64,2946,30.3,57
20.99,2883,30.3,57
16.92,2903,30.4,57
10.47,2931,30.4,57
28.75,2836,30.4,57
18.19,2897,30.3,57
9.72,2934,30.3,57
27.31,2846,30.3,57
17.98,2898,30.3,57
6.37,2947,30.3,57
29.3,2832,30.3,57
17.14,2902,30.3,57
9.72,2934,30.3,57
29.3,2832,30.3,57
17.35,2901,30.9,57
2.27,2962,30.9,57
36.6,2684,30.9,57
17.77,2899,30.2,57
7.42,2943,30.2,57
36.7,2687,30.2,57
36.68,2743,30.7,57
8.46,2939,30.7,57
30.45,2823,30.7,57
17.35,2901,30,57
-198.12,3357,30,57
31.29,2816,30,57
17.14,2902,30.8,57
12.4,2923,30.8,57
28.89,2835,30.8,57
17.77,2899,30.2,57
5.3,2951,30.2,57
27.46,2845,30.2,57
16.92,2903,30.3,57
6.9,2945,30.3,57
28.33,2839,30.3,57
17.77,2899,30.3,57
7.42,2943,30.3,57
27.76,2843,30.3,57
17.98,2898,30.3,57
6.64,2946,30.3,57
29.43,2831,30.3,57
17.77,2899,30.3,57
11.44,2927,30.3,57
28.47,2838,30.3,57
17.56,2900,30.9,57
6.37,2947,30.9,57
29.3,2832,30.9,57
17.77,2899,30.6,57
5.84,2949,30.6,57
26.86,2849,30.6,57
17.77,2899,30,57
-499.78,3685,30,57
22.85,2873,30,57
17.35,2901,30.2,57
9.47,2935,30.2,57
29.82,2828,30.2,57
17.35,2901,30.9,57
-98.27,3202,30.9,57
28.61,2837,30.9,57
17.98,2898,30.2,57
3.67,2957,30.2,57
27.16,2847,30.2,57
16.92,2903,30.3,57
29.49,2599,30.3,57
28.47,2838,30.3,57
17.77,2899,30.9,57
8.96,2937,30.9,57
28.33,2839,30.9,57
15.84,2908,30.2,57
-408.82,3599,30.2,57
31.4,2815,30.2,57
16.92,2903,30.3,57
-447.97,3637,30.3,57
-13.26,3012,30.3,57
17.56,2900,30.3,57
5.84,2949,30.3,57
27.31,2846,30.3,57
17.56,2900,30.3,57
6.9,2945,30.3,57
30.58,2822,30.3,57
2.83,2960,30.3,57
-0.31,2971,30.3,57
24.43,2864,30.3,57
17.56,2900,30.4,57
10.47,2931,30.4,57
29.16,2833,30.4,57
17.98,2898,30.3,57
1.42,2965,30.3,57
24.77,2862,30.3,57
17.14,2902,30.3,57
11.2,2928,30.3,57
28.61,2837,30.3,57
35.52,2768,30.3,57
9.97,2933,30.3,57
24.43,2864,30.3,57
17.56,2900,30.4,57
3.94,2956,30.4,57
30.2,2825,30.4,57
17.77,2899,30.3,57
-24.69,3044,30.3,57
28.61,2837,30.3,57
6.9,2945,30.3,57
6.9,2945,30.3,57
26.86,2849,30.3,57
18.4,2896,30.3,57
5.57,2950,30.3,57
27.76,2843,30.3,57
17.35,2901,30.3,57
7.16,2944,30.3,57
29.43,2831,30.3,57
17.77,2899,30.3,57
6.64,2946,30.3,57
29.82,2828,30.3,57
17.77,2899,30.3,57
7.42,2943,30.3,57
28.05,2841,30.3,57
17.77,2899,30.9,57
4.76,2953,30.9,57
30.7,2821,30.9,57
17.14,2902,30.6,57
11.2,2928,30.6,57
29.3,2832,30.6,57
17.77,2899,30.5,57
3.67,2957,30.5,57
20.21,2887,30.5,57
17.56,2900,30.5,57
6.37,2947,30.5,57
28.61,2837,30.5,57
17.35,2901,30.5,57
11.2,2928,30.5,57
28.47,2838,30.5,57
16.92,2903,30.4,57
6.64,2946,30.4,57
28.75,2836,30.4,57
17.35,2901,30.4,57
8.71,2938,30.4,57
27.31,2846,30.4,57
18.61,2895,30.3,57
2.83,2960,30.3,57
30.58,2822,30.3,57
14.49,2914,30.3,57
3.94,2956,30.3,57
26.39,2852,30.3,57
17.77,2899,30.3,57
11.2,2928,30.3,57
28.89,2835,30.3,57
17.56,2900,30.9,57
8.71,2938,30.9,57
29.95,2827,30.9,57
16.92,2903,30.2,57
4.49,2954,30.2,57
26.7,2850,30.2,57
17.77,2899,30.3,57
9.47,2935,30.3,57
29.03,2834,30.3,57
20.99,2883,30.7,57
8.96,2937,30.7,57
29.3,2832,30.7,57
17.56,2900,30,57
1.42,2965,30,57
26.86,2849,30,57
18.19,2897,30.2,57
6.9,2945,30.2,57
27.01,2848,30.2,57
17.56,2900,30.9,57
8.46,2939,30.9,57
30.82,2820,30.9,57
17.35,2901,30.6,57
13.34,2919,30.6,57
29.3,2832,30.6,57
17.35,2901,30,57
7.68,2942,30,57
29.69,2829,30,57
17.77,2899,30.8,57
7.68,2942,30.8,57
27.76,2843,30.8,57
17.98,2898,30.2,57
3.11,2959,30.2,57
28.47,2838,30.2,57
15.17,2911,30.7,57
-19.19,3029,30.7,57
28.75,2836,30.7,57
17.35,2901,30,57
10.47,2931,30,57
29.3,2832,30,57
17.35,2901,30.8,57
8.96,2937,30.8,57
27.9,2842,30.8,57
17.35,2901,30,57
11.2,2928,30,57
24.6,2863,30,57
17.98,2898,30.2,57
8.71,2938,30.2,57
27.9,2842,30.2,57
17.14,2902,30.3,57
-10.91,3005,30.3,57
31.06,2818,30.3,57
15.62,2909,30.3,57
1.42,2965,30.3,57
29.3,2832,30.3,57
19.62,2890,30.7,57
9.97,2933,30.7,57
29.3,2832,30.7,57
17.14,2902,30.5,57
32.99,2800,30.5,57
28.33,2839,30.5,57
15.17,2911,30.5,57
-3.9,2983,30.5,57
-35.25,3071,30.5,57
16.92,2903,30.5,57
6.64,2946,30.5,57
29.3,2832,30.5,57
17.35,2901,30.1,57
7.94,2941,30.1,57
-35.25,3071,30.1,57
16.92,2903,30.2,57
3.39,2958,30.2,57
34.48,2783,30.2,57
18.61,2895,30.4,57
6.11,2948,30.4,57
25.92,2855,30.4,57
17.77,2899,30.3,57
9.72,2934,30.3,57
29.3,2832,30.3,57
17.56,2900,30.3,57
-7.98,2996,30.3,57
27.16,2847,30.3,57
16.49,2905,30.3,57
6.37,2947,30.3,57
29.43,2831,30.3,57
17.77,2899,30.3,57
5.84,2949,30.3,57
27.46,2845,30.3,57
17.56,2900,30.7,57
7.68,2942,30.7,57
28.47,2838,30.7,57
17.77,2899,30.5,57
7.42,2943,30.5,57
29.43,2831,30.5,57
17.14,2902,30.5,57
10.71,2930,30.5,57
27.46,2845,30.5,57
17.35,2901,30.4,57
-32.43,3064,30.4,57
29.16,2833,30.4,57
18.4,2896,30.3,57
6.64,2946,30.3,57
29.3,2832,30.3,57
17.77,2899,30.9,57
20.21,2887,30.9,57
29.56,2830,30.9,57
17.14,2902,30.2,57
9.47,2935,30.2,57
29.3,2832,30.2,57
16.06,2907,30.4,57
5.3,2951,30.4,57
36.47,2749,30.4,57
26.7,2850,30.3,57
8.71,2938,30.3,57
29.16,2833,30.3,57
17.77,2899,30.3,57
3.11,2959,30.3,57
29.16,2833,30.3,57
17.98,2898,30.7,57
6.11,2948,30.7,57
29.3,2832,30.7,57
17.35,2901,30.6,57
7.42,2943,30.6,57
33.04,2630,30.6,57
16.71,2904,30.5,57
3.11,2959,30.5,57
27.61,2844,30.5,57
17.35,2901,30.5,57
23.21,2871,30.5,57
27.46,2845,30.5,57
16.92,2903,30.5,57
1.7,2964,30.5,57
12.16,2924,30.5,57
17.77,2899,30.5,57
9.47,2935,30.5,57
26.86,2849,30.5,57
17.14,2902,30.4,57
2.83,2960,30.4,57
28.33,2839,30.4,57
17.56,2900,30.3,57
8.46,2939,30.3,57
29.3,2832,30.3,57
17.35,2901,30.3,57
8.71,2938,30.3,57
29.3,2832,30.3,57
17.35,2901,30.7,57
4.76,2953,30.7,57
27.46,2845,30.7,57
17.77,2899,30.6,57
8.96,2937,30.6,57
29.3,2832,30.6,57
18.81,2894,30.5,57
8.2,2940,30.5,57
28.05,2841,30.5,57
18.19,2897,30.5,57
3.39,2958,30.5,57
29.95,2827,30.5,57
19.42,2891,30.4,57
9.47,2935,30.4,57
29.3,2832,30.4,57
17.14,2902,30.3,57
4.22,2955,30.3,57
29.3,2832,30.3,57
16.28,2906,30.3,57
8.2,2940,30.3,57
28.89,2835,30.3,57
17.77,2899,30.4,57
-35.25,3071,30.4,57
28.75,2836,30.4,57
17.35,2901,30.3,57
7.42,2943,30.3,57
27.76,2843,30.3,57
17.35,2901,30.3,57
6.64,2946,30.3,57
28.89,2835,30.3,57
17.14,2902,30.3,57
4.22,2955,30.3,57
29.3,2832,30.3,57
18.19,2897,30.3,57
8.2,2940,30.3,57
36.7,2687,30.3,57
17.77,2899,30.7,57
9.72,2934,30.7,57
31.85,2811,30.7,57
17.35,2901,30,57
5.3,2951,30,57
31.4,2815,30,57
18.4,2896,30.6,57
23.92,2867,30.6,57
28.89,2835,30.6,57
17.98,2898,30.5,57
10.96,2929,30.5,57
6.64,2946,30.5,57
17.35,2901,30.1,57
7.16,2944,30.1,57
29.56,2830,30.1,57
17.56,2900,30.2,57
8.46,2939,30.2,57
32.28,2807,30.2,57
17.98,2898,30.3,57
10.71,2930,30.3,57
-109.91,2207,30.3,57
18.19,2897,30.3,57
6.9,2945,30.3,57
27.76,2843,30.3,57
17.98,2898,30.4,57
11.2,2928,30.4,57
29.3,2832,30.4,57
17.77,2899,30.5,57
8.46,2939,30.5,57
29.3,2832,30.5,57
18.19,2897,30.1,57
4.22,2955,30.1,57
27.46,2845,30.1,57
20.61,2885,30.8,57
7.42,2943,30.8,57
29.3,2832,30.8,57
18.4,2896,30.6,57
21.75,2879,30.6,57
27.46,2845,30.6,57
17.14,2902,30.1,57
2.55,2961,30.1,57
30.45,2823,30.1,57
17.35,2901,30.3,57
6.64,2946,30.3,57
29.56,2830,30.3,57
19.42,2891,30.4,57
21.75,2879,30.4,57
20.21,2887,30.4,57
5.03,2952,30.4,57
9.47,2935,30.4,57
30.08,2826,30.4,57
17.98,2898,30.1,57
5.84,2949,30.1,57
29.3,2832,30.1,57
18.19,2897,30.8,57
6.37,2947,30.8,57
27.31,2846,30.8,57
17.14,2902,30.2,57
6.9,2945,30.2,57
29.43,2831,30.2,57
16.28,2906,30.7,57
6.9,2945,30.7,57
16.38,2524,30.7,57
18.4,2896,30.2,57
-1.49,2975,30.2,57
29.03,2834,30.2,57
17.35,2901,30.3,57
4.22,2955,30.3,57
29.3,2832,30.3,57
17.35,2901,30.9,57
14.27,2915,30.9,57
30.45,2823,30.9,57
18.19,2897,30.2,57
-63.11,3134,30.2,57
30.2,2825,30.2,57
17.56,2900,30.7,57
2.83,2960,30.7,57
26.86,2849,30.7,57
17.35,2901,30.2,57
6.37,2947,30.2,57
29.16,2833,30.2,57
21.56,2880,30.7,57
3.67,2957,30.7,57
35.52,2768,30.7,57
16.06,2907,30.2,57
7.16,2944,30.2,57
29.69,2829,30.2,57
17.35,2901,30.9,57
3.67,2957,30.9,57
29.43,2831,30.9,57
16.06,2907,30.6,57
8.46,2939,30.6,57
29.16,2833,30.6,57
17.98,2898,30,57
9.47,2935,30,57
27.46,2845,30,57
17.35,2901,30.8,57
13.58,2918,30.8,57
27.46,2845,30.8,57
18.19,2897,30.6,57
7.16,2944,30.6,57
27.9,2842,30.6,57
17.35,2901,30.1,57
8.71,2938,30.1,57
27.76,2843,30.1,57
16.49,2905,30.7,57
5.3,2951,30.7,57
24.26,2865,30.7,57
17.35,2901,30.2,57
-59.79,3127,30.2,57
29.03,2834,30.2,57
16.92,2903,30.7,57
6.37,2947,30.7,57
22.12,2877,30.7,57
17.77,2899,30.2,57
7.94,2941,30.2,57
27.16,2847,30.2,57
17.77,2899,30.3,57
11.44,2927,30.3,57
29.56,2830,30.3,57
17.35,2901,30.9,57
7.68,2942,30.9,57
29.43,2831,30.9,57
-9.6,3001,30.2,57
7.94,2941,30.2,57
29.3,2832,30.2,57
9.97,2933,30.7,57
-105.02,3214,30.7,57
29.16,2833,30.7,57
11.92,2925,30.2,57
-14.28,3015,30.2,57
29.03,2834,30.2,57
17.35,2901,30.3,57
36.3,2753,30.3,57
29.03,2834,30.3,57
19.42,2891,30.4,57
7.16,2944,30.4,57
27.76,2843,30.4,57
17.35,2901,30.1,57
5.3,2951,30.1,57
29.03,2834,30.1,57
7.68,2942,30.7,57
7.42,2943,30.7,57
28.89,2835,30.7,57
19.01,2893,30.2,57
5.3,2951,30.2,57
28.33,2839,30.2,57
18.4,2896,30.3,57
11.2,2928,30.3,57
29.3,2832,30.3,57
18.19,2897,30.3,57
0.56,2968,30.3,57
30.94,2819,30.3,57
17.98,2898,30.3,57
5.84,2949,30.3,57
-11.58,3007,30.3,57
17.98,2898,30.3,57
4.49,2954,30.3,57
28.61,2837,30.3,57
18.81,2894,30.3,57
7.42,2943,30.3,57
26.7,2850,30.3,57
17.56,2900,30.1,57
7.42,2943,30.1,57
27.9,2842,30.1,57
17.98,2898,30.9,57
11.68,2926,30.9,57
30.58,2822,30.9,57
18.4,2896,30.2,57
10.96,2929,30.2,57
26.08,2854,30.2,57
18.4,2896,30.9,57
6.9,2945,30.9,57
36.21,2755,30.9,57
18.19,2897,30.2,57
10.71,2930,30.2,57
27.9,2842,30.2,57
17.14,2902,30.9,57
-106.16,3216,30.9,57
29.95,2827,30.9,57
16.92,2903,30.8,57
11.2,2928,30.8,57
27.01,2848,30.8,57
17.98,2898,30.2,57
10.22,2932,30.2,57
30.45,2823,30.2,57
18.19,2897,30.4,57
9.97,2933,30.4,57
29.3,2832,30.4,57
17.98,2898,30.4,57
16.28,2906,30.4,57
30.7,2821,30.4,57
27.61,2844,30.5,57
8.96,2937,30.5,57
26.55,2851,30.5,57
16.28,2906,30.8,57
9.47,2935,30.8,57
29.43,2831,30.8,57
19.22,2892,30.2,57
11.2,2928,30.2,57
29.3,2832,30.2,57
17.35,2901,30.3,57
-25.44,3046,30.3,57
28.47,2838,30.3,57
18.4,2896,30.3,57
2.55,2961,30.3,57
28.33,2839,30.3,57
16.49,2905,30.6,57
7.16,2944,30.6,57
-121.41,3242,30.6,57
16.92,2903,30.8,57
8.96,2937,30.8,57
27.31,2846,30.8,57
17.56,2900,30.2,57
7.42,2943,30.2,57
29.3,2832,30.2,57
10.47,2931,30.3,57
17.77,2899,30.3,57
29.16,2833,30.3,57
17.56,2900,30.3,57
19.42,2891,30.3,57
27.16,2847,30.3,57
17.77,2899,30.4,57
8.71,2938,30.4,57
17.77,2899,30.4,57
17.98,2898,30.1,57
3.39,2958,30.1,57
29.3,2832,30.1,57
17.77,2899,30.9,57
6.64,2946,30.9,57
36.7,2687,30.9,57
16.06,2907,30.2,57
8.46,2939,30.2,57
34.56,2782,30.2,57
17.77,2899,30.3,57
5.3,2951,30.3,57
28.75,2836,30.3,57
17.14,2902,30.5,57
8.46,2939,30.5,57
31.29,2816,30.5,57
17.98,2898,30.1,57
10.71,2930,30.1,57
29.3,2832,30.1,57
16.92,2903,30.7,57
7.42,2943,30.7,57
29.03,2834,30.7,57
19.01,2893,30.8,57
7.16,2944,30.8,57
28.89,2835,30.8,57
17.77,2899,30.2,57
7.16,2944,30.2,57
28.61,2837,30.2,57
17.35,2901,30.3,57
6.9,2945,30.3,57
-157.55,3299,30.3,57
17.98,2898,30.4,57
8.46,2939,30.4,57
27.9,2842,30.4,57
15.62,2909,30.4,57
11.44,2927,30.4,57
28.33,2839,30.4,57
17.77,2899,30.4,57
6.9,2945,30.4,57
29.3,2832,30.4,57
18.81,2894,30.4,57
9.97,2933,30.4,57
29.56,2830,30.4,57
17.35,2901,30.4,57
5.84,2949,30.4,57
29.03,2834,30.4,57
18.4,2896,30.1,57
-2.09,2977,30.1,57
29.3,2832,30.1,57
26.24,2853,30.3,57
6.64,2946,30.3,57
27.31,2846,30.3,57
17.56,2900,30.3,57
14.27,2915,30.3,57
29.16,2833,30.3,57
18.4,2896,30.3,57
12.4,2923,30.3,57
21.37,2881,30.3,57
17.98,2898,30.4,57
7.94,2941,30.4,57
28.89,2835,30.4,57
17.77,2899,30.4,57
5.03,2952,30.4,57
27.46,2845,30.4,57
17.77,2899,30.4,57
-1.2,2974,30.4,57
28.89,2835,30.4,57
18.19,2897,30.4,57
9.72,2934,30.4,57
36.79,2690,30.4,57
18.4,2896,30.3,57
7.42,2943,30.3,57
27.76,2843,30.3,57
17.35,2901,30.3,57
6.9,2945,30.3,57
28.33,2839,30.3,57
17.77,2899,30.4,57
7.68,2942,30.4,57
29.3,2832,30.4,57
17.77,2899,30.3,57
7.16,2944,30.3,57
32.39,2806,30.3,57
17.98,2898,30.3,57
9.72,2934,30.3,57
29.3,2832,30.3,57
17.14,2902,30.3,57
5.3,2951,30.3,57
16.71,2904,30.3,57
16.71,2904,30.3,57
7.42,2943,30.3,57
27.76,2843,30.3,57
17.56,2900,30.9,57
6.64,2946,30.9,57
27.31,2846,30.9,57
17.77,2899,30.2,57
9.47,2935,30.2,57
-534.09,1714,30.2,57
17.77,2899,30.9,57
7.42,2943,30.9,57
30.08,2826,30.9,57
17.77,2899,30.6,57
7.16,2944,30.6,57
28.61,2837,30.6,57
16.49,2905,30,57
8.2,2940,30,57
17.77,2899,30,57
16.92,2903,30.2,57
7.94,2941,30.2,57
28.33,2839,30.2,57
17.77,2899,30.9,57
5.57,2950,30.9,57
30.45,2823,30.9,57
17.35,2901,30.2,57
7.42,2943,30.2,57
29.95,2827,30.2,57
17.77,2899,30.9,57
3.67,2957,30.9,57
25.6,2857,30.9,57
16.92,2903,30.2,57
6.9,2945,30.2,57
27.46,2845,30.2,57
17.77,2899,30.7,57
6.11,2948,30.7,57
29.43,2831,30.7,57
14.95,2912,30,57
9.72,2934,30,57
28.33,2839,30,57
17.98,2898,30.2,57
6.64,2946,30.2,57
26.24,2853,30.2,57
20.61,2885,30.9,57
3.67,2957,30.9,57
27.61,2844,30.9,57
17.14,2902,30.8,57
-88.45,3184,30.8,57
29.3,2832,30.8,57
17.35,2901,30,57
6.37,2947,30,57
30.58,2822,30,57
17.77,2899,30.8,57
11.2,2928,30.8,57
29.3,2832,30.8,57
17.77,2899,30.6,57
3.94,2956,30.6,57
30.08,2826,30.6,57
18.19,2897,30.5,57
3.11,2959,30.5,57
27.31,2846,30.5,57
17.14,2902,30.1,57
5.84,2949,30.1,57
26.7,2850,30.1,57
17.14,2902,30.8,57
7.42,2943,30.8,57
26.24,2853,30.8,57
13.58,2918,30.6,57
4.22,2955,30.6,57
28.89,2835,30.6,57
17.35,2901,30.5,57
7.16,2944,30.5,57
28.47,2838,30.5,57
29.56,2830,30.5,57
0.56,2968,30.5,57
28.33,2839,30.5,57
17.77,2899,30.5,57
10.96,2929,30.5,57
26.55,2851,30.5,57
16.92,2903,30.5,57
7.16,2944,30.5,57
29.95,2827,30.5,57
18.19,2897,30.5,57
7.16,2944,30.5,57
27.31,2846,30.5,57
17.77,2899,30.5,57
9.97,2933,30.5,57
28.89,2835,30.5,57
17.35,2901,30.1,57
7.94,2941,30.1,57
29.03,2834,30.1,57
17.98,2898,30.7,57
8.96,2937,30.7,57
26.24,2853,30.7,57
17.77,2899,30,57
4.49,2954,30,57
25.27,2859,30,57
24.09,2866,30.8,57
12.64,2922,30.8,57
29.56,2830,30.8,57
18.4,2896,30.6,57
7.16,2944,30.6,57
29.3,2832,30.6,57
17.56,2900,30.1,57
5.84,2949,30.1,57
28.05,2841,30.1,57
17.56,2900,30.8,57
5.84,2949,30.8,57
-41.9,3087,30.8,57
18.4,2896,30.6,57
10.96,2929,30.6,57
27.76,2843,30.6,57
18.4,2896,30.5,57
6.11,2948,30.5,57
29.82,2828,30.5,57
16.92,2903,30.5,57
13.58,2918,30.5,57
26.7,2850,30.5,57
18.19,2897,30.1,57
7.42,2943,30.1,57
30.82,2820,30.1,57
17.14,2902,30.8,57
7.16,2944,30.8,57
28.89,2835,30.8,57
17.98,2898,30.2,57
14.49,2914,30.2,57
31.4,2815,30.2,57
16.92,2903,30.3,57
6.11,2948,30.3,57
29.3,2832,30.3,57
17.77,2899,30.3,57
7.42,2943,30.3,57
30.58,2822,30.3,57
17.35,2901,30.9,57
8.96,2937,30.9,57
29.95,2827,30.9,57
17.35,2901,30.6,57
1.7,2964,30.6,57
36.98,2731,30.6,57
17.77,2899,30.5,57
3.67,2957,30.5,57
28.89,2835,30.5,57
17.77,2899,30.5,57
2.83,2960,30.5,57
26.7,2850,30.5,57
17.14,2902,30.5,57
7.68,2942,30.5,57
27.16,2847,30.5,57
17.98,2898,30.5,57
5.57,2950,30.5,57
24.43,2864,30.5,57
17.35,2901,30.5,57
9.72,2934,30.5,57
15.62,2909,30.5,57
17.77,2899,30.5,57
6.9,2945,30.5,57
29.16,2833,30.5,57
19.01,2893,30.5,57
0.85,2967,30.5,57
29.95,2827,30.5,57
16.92,2903,30.4,57
8.46,2939,30.4,57
28.33,2839,30.4,57
17.35,2901,30.5,57
9.47,2935,30.5,57
29.16,2833,30.5,57
17.77,2899,30.5,57
8.2,2940,30.5,57
28.47,2838,30.5,57
17.35,2901,30.4,57
-15.31,3018,30.4,57
29.3,2832,30.4,57
17.35,2901,30.9,57
6.9,2945,30.9,57
29.3,2832,30.9,57
15.62,2909,30.8,57
9.97,2933,30.8,57
26.24,2853,30.8,57
18.4,2896,30.6,57
11.68,2926,30.6,57
28.61,2837,30.6,57
17.56,2900,30.5,57
8.96,2937,30.5,57
28.47,2838,30.5,57
18.4,2896,30.5,57
6.9,2945,30.5,57
28.05,2841,30.5,57
15.62,2909,30.5,57
35.07,2775,30.5,57
28.05,2841,30.5,57
18.4,2896,30.5,57
8.46,2939,30.5,57
31.4,2815,30.5,57
18.4,2896,30.5,57
5.03,2952,30.5,57
26.55,2851,30.5,57
17.98,2898,30.5,57
7.68,2942,30.5,57
29.3,2832,30.5,57
17.35,2901,30.5,57
10.22,2932,30.5,57
28.05,2841,30.5,57
17.35,2901,30.5,57
9.22,2936,30.5,57
8.71,2938,30.5,57
17.77,2899,30.5,57
7.42,2943,30.5,57
28.47,2838,30.5,57
17.14,2902,30.5,57
2.27,2962,30.5,57
15.17,2911,30.5,57
17.56,2900,30.4,57
5.3,2951,30.4,57
29.3,2832,30.4,57
17.14,2902,30.4,57
14.72,2913,30.4,57
30.58,2822,30.4,57
17.14,2902,30.7,57
7.94,2941,30.7,57
29.82,2828,30.7,57
18.19,2897,30,57
6.37,2947,30,57
28.33,2839,30,57
23.21,2871,30.6,57
7.16,2944,30.6,57
27.31,2846,30.6,57
17.77,2899,30,57
-22.09,3037,30,57
27.46,2845,30,57
8.46,2939,30.8,57
21.94,2878,30.8,57
29.95,2827,30.8,57
,30.6,57,
7.42,2943,30.6,57
12.04,2505,30.6,57
17.98,2898,30.5,57
7.94,2941,30.5,57
28.33,2839,30.5,57
17.98,2898,30.5,57
17.98,2898,30.5,57
29.3,2832,30.5,57
17.98,2898,30.5,57
8.46,2939,30.5,57
28.33,2839,30.5,57
17.35,2901,30.4,57
-59.32,3126,30.4,57
27.31,2846,30.4,57
17.35,2901,30.3,57
5.57,2950,30.3,57
16.71,2904,30.3,57
17.56,2900,30.3,57
7.16,2944,30.3,57
28.89,2835,30.3,57
17.56,2900,30.7,57
9.47,2935,30.7,57
28.61,2837,30.7,57
17.98,2898,30,57
7.94,2941,30,57
-68.93,3146,30,57
17.77,2899,30.2,57
6.37,2947,30.2,57
29.3,2832,30.2,57
13.81,2917,30.9,57
3.67,2957,30.9,57
26.55,2851,30.9,57
16.28,2906,30.6,57
8.46,2939,30.6,57
28.05,2841,30.6,57
21.75,2879,30.5,57
6.37,2947,30.5,57
27.16,2847,30.5,57
18.4,2896,30.5,57
7.94,2941,30.5,57
31.17,2817,30.5,57
17.98,2898,30.1,57
9.97,2933,30.1,57
26.86,2849,30.1,57
17.77,2899,30.8,57
6.64,2946,30.8,57
29.43,2831,30.8,57
18.4,2896,30.6,57
8.71,2938,30.6,57
29.43,2831,30.6,57
17.77,2899,30.4,57
18.19,2897,30.4,57
27.01,2848,30.4,57
16.92,2903,30.4,57
5.84,2949,30.4,57
30.58,2822,30.4,57
17.77,2899,30.9,57
6.9,2945,30.9,57
28.05,2841,30.9,57
17.77,2899,30.6,57
8.71,2938,30.6,57
30.08,2826,30.6,57
17.98,2898,30.4,57
4.22,2955,30.4,57
33.09,2799,30.4,57
17.35,2901,30.7,57
11.2,2928,30.7,57
28.47,2838,30.7,57
16.49,2905,30.5,57
10.96,2929,30.5,57
28.47,2838,30.5,57
17.77,2899,30.9,57
11.44,2927,30.9,57
28.05,2841,30.9,57
17.35,2901,30.6,57
3.11,2959,30.6,57
29.3,2832,30.6,57
17.77,2899,30.3,57
18.61,2895,30.3,57
28.89,2835,30.3,57
18.19,2897,30.8,57
35.1,2655,30.8,57
28.75,2836,30.8,57
17.35,2901,30.1,57
10.71,2930,30.1,57
31.17,2817,30.1,57
17.14,2902,30.2,57
36.7,2687,30.2,57
30.45,2823,30.2,57
17.14,2902,30.9,57
7.42,2943,30.9,57
30.45,2823,30.9,57
16.49,2905,30,57
10.71,2930,30,57
29.95,2827,30,57
17.98,2898,30,57
5.84,2949,30,57
27.01,2848,30,57
17.56,2900,30.3,57
8.46,2939,30.3,57
29.03,2834,30.3,57
17.56,2900,30.8,57
-31.24,3061,30.8,57
25.6,2857,30.8,57
17.77,2899,30.1,57
8.46,2939,30.1,57
27.08,2582,30.1,57
17.35,2901,30.6,57
-546.12,3726,30.6,57
28.61,2837,30.6,57
18.19,2897,30.3,57
6.64,2946,30.3,57
28.47,2838,30.3,57
17.56,2900,30.8,57
7.16,2944,30.8,57
27.31,2846,30.8,57
17.35,2901,30.1,57
10.47,2931,30.1,57
-15.31,3018,30.1,57
16.92,2903,30.2,57
7.94,2941,30.2,57
27.16,2847,30.2,57
17.77,2899,30.5,57
6.37,2947,30.5,57
27.46,2845,30.5,57
17.77,2899,30.3,57
37.06,2703,30.3,57
28.33,2839,30.3,57
17.35,2901,30.8,57
-31.24,3061,30.8,57
29.16,2833,30.8,57
17.77,2899,30.2,57
9.47,2935,30.2,57
29.16,2833,30.2,57
17.77,2899,30.5,57
7.94,2941,30.5,57
29.3,2832,30.5,57
17.35,2901,30,57
6.9,2945,30,57
27.16,2847,30,57
17.56,2900,30.6,57
7.16,2944,30.6,57
28.89,2835,30.6,57
18.19,2897,30.7,57
6.9,2945,30.7,57
29.3,2832,30.7,57
17.98,2898,30.5,57
10.22,2932,30.5,57
33.82,2791,30.5,57
17.98,2898,30.5,57
1.42,2965,30.5,57
27.16,2847,30.5,57
18.4,2896,30.9,57
7.16,2944,30.9,57
29.3,2832,30.9,57
17.35,2901,30.6,57
3.11,2959,30.6,57
27.76,2843,30.6,57
19.01,2893,30.1,57
4.62,2476,30.1,57
27.76,2843,30.1,57
17.14,2902,30.2,57
18.61,2895,30.2,57
30.08,2826,30.2,57
17.35,2901,30.8,57
33.91,2790,30.8,57
28.89,2835,30.8,57
17.98,2898,30,57
8.46,2939,30,57
28.33,2839,30,57
16.92,2903,30.6,57
9.47,2935,30.6,57
27.76,2843,30.6,57
18.4,2896,30.5,57
7.16,2944,30.5,57
29.95,2827,30.5,57
17.35,2901,30.9,57
6.37,2947,30.9,57
30.45,2823,30.9,57
16.49,2905,30.6,57
7.94,2941,30.6,57
29.03,2834,30.6,57
36.02,2759,30.5,57
-392.82,3583,30.5,57
29.3,2832,30.5,57
-1.79,2976,30.4,57
8.71,2938,30.4,57
-282.19,3463,30.4,57
18.4,2896,30.9,57
8.96,2937,30.9,57
21.56,2880,30.9,57
16.92,2903,30,57
7.68,2942,30,57
24.09,2866,30,57
17.77,2899,30.6,57
8.46,2939,30.6,57
-176.66,3327,30.6,57
17.14,2902,30.5,57
5.84,2949,30.5,57
28.47,2838,30.5,57
16.92,2903,30.7,57
4.76,2953,30.7,57
29.3,2832,30.7,57
17.98,2898,30,57
11.2,2928,30,57
24.77,2862,30,57
17.77,2899,30,57
8.71,2938,30,57
29.3,2832,30,57
17.77,2899,30.6,57
5.84,2949,30.6,57
30.08,2826,30.6,57
18.4,2896,30.1,57
7.42,2943,30.1,57
27.31,2846,30.1,57
16.92,2903,30.2,57
8.2,2940,30.2,57
26.08,2854,30.2,57
17.77,2899,30.8,57
10.47,2931,30.8,57
29.43,2831,30.8,57
16.92,2903,30,57
10.22,2932,30,57
29.16,2833,30,57
17.77,2899,30.6,57
17.77,2899,30.6,57
29.16,2833,30.6,57
17.14,2902,30.4,57
5.3,2951,30.4,57
29.3,2832,30.4,57
18.19,2897,30.4,57
10.47,2931,30.4,57
28.33,2839,30.4,57
17.14,2902,30.9,57
9.47,2935,30.9,57
31.85,2811,30.9,57
16.92,2903,30.6,57
7.16,2944,30.6,57
30.2,2825,30.6,57
17.56,2900,30.4,57
-17.76,3025,30.4,57
29.3,2832,30.4,57
16.92,2903,30.1,57
9.47,2935,30.1,57
28.89,2835,30.1,57
17.98,2898,30.6,57
8.2,2940,30.6,57
28.05,2841,30.6,57
17.35,2901,30.5,57
10.96,2929,30.5,57
26.24,2853,30.5,57
17.98,2898,30.9,57
7.16,2944,30.9,57
28.47,2838,30.9,57
18.19,2897,30,57
11.92,2925,30,57
29.16,2833,30,57
17.98,2898,30.6,57
8.46,2939,30.6,57
29.43,2831,30.6,57
17.35,2901,30.5,57
5.3,2951,30.5,57
36.85,2737,30.5,57
17.35,2901,30.4,57
8.71,2938,30.4,57
29.3,2832,30.4,57
24.09,2866,30.7,57
4.76,2953,30.7,57
36.71,2742,30.7,57
18.4,2896,30.5,57
6.37,2947,30.5,57
27.76,2843,30.5,57
17.14,2902,30.7,57
6.37,2947,30.7,57
31.06,2818,30.7,57
17.77,2899,30.1,57
7.94,2941,30.1,57
27.31,2846,30.1,57
18.19,2897,30.6,57
7.42,2943,30.6,57
28.47,2838,30.6,57
20.02,2888,30.4,57
7.68,2942,30.4,57
27.16,2847,30.4,57
17.77,2899,30.7,57
9.47,2935,30.7,57
28.33,2839,30.7,57
17.77,2899,30.5,57
7.94,2941,30.5,57
28.89,2835,30.5,57
17.14,2902,30.9,57
9.47,2935,30.9,57
29.16,2833,30.9,57
23.74,2868,30.6,57
11.68,2926,30.6,57
29.3,2832,30.6,57
18.19,2897,30.9,57
8.46,2939,30.9,57
30.08,2826,30.9,57
17.35,2901,30.6,57
10.47,2931,30.6,57
29.3,2832,30.6,57
18.4,2896,30.7,57
-20.99,3034,30.7,57
26.86,2849,30.7,57
17.77,2899,30.5,57
4.22,2955,30.5,57
27.16,2847,30.5,57
17.56,2900,30.9,57
7.42,2943,30.9,57
30.7,2821,30.9,57
16.92,2903,30,57
6.64,2946,30,57
26.24,2853,30,57
17.56,2900,30.2,57
7.42,2943,30.2,57
27.01,2848,30.2,57
17.35,2901,30.2,57
6.37,2947,30.2,57
31.63,2813,30.2,57
17.77,2899,30.8,57
5.57,2950,30.8,57
31.4,2815,30.8,57
17.35,2901,30,57
12.4,2923,30,57
30.58,2822,30,57
17.98,2898,30.6,57
-34.84,3070,30.6,57
30.08,2826,30.6,57
11.68,2926,30.4,57
4.76,2953,30.4,57
37.05,2727,30.4,57
21.37,2881,30.7,57
9.47,2935,30.7,57
30.7,2821,30.7,57
17.98,2898,30,57
5.57,2950,30,57
29.3,2832,30,57
17.56,2900,30.6,57
11.2,2928,30.6,57
32.99,2800,30.6,57
17.56,2900,30.4,57
9.72,2934,30.4,57
26.86,2849,30.4,57
17.98,2898,30.9,57
7.42,2943,30.9,57
27.76,2843,30.9,57
17.35,2901,30.6,57
7.42,2943,30.6,57
-52.65,2318,30.6,57
17.98,2898,30.4,57
8.71,2938,30.4,57
28.61,2837,30.4,57
17.56,2900,30.9,57
10.71,2930,30.9,57
-127.19,2178,30.9,57
17.77,2899,30.6,57
25.27,2859,30.6,57
31.17,2817,30.6,57
18.61,2895,30.1,57
11.44,2927,30.1,57
26.86,2849,30.1,57
16.28,2906,30.8,57
7.16,2944,30.8,57
28.47,2838,30.8,57
17.35,2901,30,57
10.47,2931,30,57
36.39,2751,30,57
17.56,2900,30.5,57
8.46,2939,30.5,57
30.08,2826,30.5,57
17.35,2901,30.9,57
5.57,2950,30.9,57
31.4,2815,30.9,57
18.19,2897,30.5,57
6.37,2947,30.5,57
28.05,2841,30.5,57
17.35,2901,30.3,57
7.16,2944,30.3,57
28.89,2835,30.3,57
18.61,2895,30.9,57
9.97,2933,30.9,57
28.47,2838,30.9,57
17.77,2899,30,57
9.97,2933,30,57
27.9,2842,30,57
17.56,2900,30.6,57
4.49,2954,30.6,57
29.3,2832,30.6,57
17.77,2899,30.1,57
4.22,2955,30.1,57
28.47,2838,30.1,57
17.77,2899,30.5,57
4.22,2955,30.5,57
26.7,2850,30.5,57
17.98,2898,30.7,57
2.83,2960,30.7,57
29.3,2832,30.7,57
17.14,2902,30.1,57
5.84,2949,30.1,57
26.86,2849,30.1,57
18.4,2896,30.8,57
3.11,2959,30.8,57
28.47,2838,30.8,57
17.98,2898,30.1,57
10.71,2930,30.1,57
28.61,2837,30.1,57
17.98,2898,30.8,57
3.94,2956,30.8,57
29.3,2832,30.8,57
17.56,2900,30.5,57
-49.28,3104,30.5,57
31.52,2814,30.5,57
17.35,2901,30.1,57
12.4,2923,30.1,57
29.69,2829,30.1,57
15.39,2910,30.2,57
-56.53,3120,30.2,57
31.29,2816,30.2,57
17.14,2902,30,57
7.16,2944,30,57
34.48,2783,30,57
17.56,2900,30.6,57
31.4,2815,30.6,57
29.69,2829,30.6,57
17.77,2899,30.5,57
7.94,2941,30.5,57
28.47,2838,30.5,57
20.21,2887,30.9,57
8.71,2938,30.9,57
31.52,2814,30.9,57
17.14,2902,30.2,57
7.42,2943,30.2,57
-141.88,3275,30.2,57
17.56,2900,30.8,57
6.64,2946,30.8,57
37.13,2719,30.8,57
18.4,2896,30.3,57
9.97,2933,30.3,57
29.69,2829,30.3,57
17.14,2902,30.7,57
9.97,2933,30.7,57
28.47,2838,30.7,57
-3.29,2981,30.1,57
-28.5,3054,30.1,57
29.56,2830,30.1,57
17.35,2901,30.2,57
6.9,2945,30.2,57
25.92,2855,30.2,57
17.77,2899,30.8,57
11.2,2928,30.8,57
27.46,2845,30.8,57
17.56,2900,30.1,57
11.68,2926,30.1,57
29.43,2831,30.1,57
17.77,2899,30.4,57
9.47,2935,30.4,57
28.33,2839,30.4,57
17.14,2902,30.8,57
8.96,2937,30.8,57
29.16,2833,30.8,57
17.98,2898,30,57
3.11,2959,30,57
27.31,2846,30,57
17.14,2902,30.3,57
8.46,2939,30.3,57
32.59,2804,30.3,57
18.4,2896,30.4,57
6.9,2945,30.4,57
29.56,2830,30.4,57
11.2,2928,30,57
7.42,2943,30,57
26.08,2854,30,57
17.35,2901,30.6,57
7.42,2943,30.6,57
26.86,2849,30.6,57
15.39,2910,30,57
10.96,2929,30,57
27.9,2842,30,57
17.98,2898,30.6,57
7.42,2943,30.6,57
28.89,2835,30.6,57
17.77,2899,30,57
6.37,2947,30,57
30.2,2825,30,57
17.77,2899,30.2,57
7.16,2944,30.2,57
29.16,2833,30.2,57
17.77,2899,30.9,57
7.68,2942,30.9,57
29.3,2832,30.9,57
17.14,2902,30,57
3.94,2956,30,57
30.82,2820,30,57
16.92,2903,30.2,57
7.16,2944,30.2,57
29.56,2830,30.2,57
17.35,2901,30.9,57
6.9,2945,30.9,57
31.29,2816,30.9,57
13.34,2919,30.6,57
8.46,2939,30.6,57
29.43,2831,30.6,57
16.06,2907,30.7,57
-87.91,3183,30.7,57
29.56,2830,30.7,57
17.35,2901,30.1,57
9.97,2933,30.1,57
25.92,2855,30.1,57
18.4,2896,30,57
7.68,2942,30,57
32.39,2806,30,57
17.35,2901,30.4,57
6.9,2945,30.4,57
30.08,2826,30.4,57
17.14,2902,30.1,57
3.39,2958,30.1,57
32.39,2806,30.1,57
18.4,2896,30.8,57
11.68,2926,30.8,57
29.95,2827,30.8,57
18.4,2896,30.5,57
5.3,2951,30.5,57
27.16,2847,30.5,57
17.98,2898,30.3,57
-275.4,3455,30.3,57
29.3,2832,30.3,57
17.56,2900,30.7,57
4.22,2955,30.7,57
28.61,2837,30.7,57
18.19,2897,30.4,57
6.37,2947,30.4,57
29.69,2829,30.4,57
31.63,2813,30.9,57
8.71,2938,30.9,57
28.47,2838,30.9,57
16.92,2903,30.5,57
7.94,2941,30.5,57
29.03,2834,30.5,57
17.77,2899,30.7,57
9.47,2935,30.7,57
30.58,2822,30.7,57
17.98,2898,30.5,57
11.92,2925,30.5,57
28.33,2839,30.5,57
17.14,2902,30.3,57
9.47,2935,30.3,57
27.31,2846,30.3,57
17.14,2902,30.1,57
20.41,2886,30.1,57
28.05,2841,30.1,57
16.28,2906,30.9,57
7.68,2942,30.9,57
25.6,2857,30.9,57
19.62,2890,30,57
6.64,2946,30,57
28.75,2836,30,57
17.35,2901,30,57
7.16,2944,30,57
31.29,2816,30,57
18.61,2895,30.2,57
11.2,2928,30.2,57
29.43,2831,30.2,57
18.4,2896,30.2,57
7.16,2944,30.2,57
28.89,2835,30.2,57
16.92,2903,30.9,57
7.42,2943,30.9,57
29.3,2832,30.9,57
17.35,2901,30,57
-10.25,3003,30,57
26.7,2850,30,57
18.4,2896,30.4,57
7.94,2941,30.4,57
30.2,2825,30.4,57
16.49,2905,30.1,57
10.71,2930,30.1,57
22.31,2876,30.1,57
17.14,2902,30.5,57
3.94,2956,30.5,57
28.61,2837,30.5,57
17.56,2900,30.9,57
10.22,2932,30.9,57
29.69,2829,30.9,57
16.92,2903,30.5,57
6.64,2946,30.5,57
29.3,2832,30.5,57
17.77,2899,30.3,57
7.16,2944,30.3,57
30.58,2822,30.3,57
17.35,2901,30.8,57
9.47,2935,30.8,57
26.08,2854,30.8,57
18.19,2897,30.5,57
7.68,2942,30.5,57
29.03,2834,30.5,57
17.14,2902,30.9,57
8.96,2937,30.9,57
27.16,2847,30.9,57
17.35,2901,30,57
5.84,2949,30,57
33.64,2793,30,57
16.28,2906,30.6,57
37.13,2711,30.6,57
29.3,2832,30.6,57
17.77,2899,30.4,57
7.68,2942,30.4,57
28.33,2839,30.4,57
16.92,2903,30.7,57
5.3,2951,30.7,57
28.05,2841,30.7,57
18.19,2897,30.1,57
6.9,2945,30.1,57
29.3,2832,30.1,57
16.92,2903,30,57
5.57,2950,30,57
27.16,2847,30,57
16.92,2903,30.6,57
5.84,2949,30.6,57
29.3,2832,30.6,57
17.14,2902,30.7,57
10.71,2930,30.7,57
29.3,2832,30.7,57
17.35,2901,30.5,57
2.83,2960,30.5,57
28.05,2841,30.5,57
18.4,2896,30.7,57
5.84,2949,30.7,57
27.16,2847,30.7,57
18.19,2897,30.1,57
7.94,2941,30.1,57
29.03,2834,30.1,57
16.92,2903,30.2,57
-0.9,2973,30.2,57
26.86,2849,30.2,57
17.35,2901,30.2,57
11.2,2928,30.2,57
29.03,2834,30.2,57
14.72,2913,30.2,57
5.84,2949,30.2,57
27.9,2842,30.2,57
17.35,2901,30.2,57
6.64,2946,30.2,57
28.33,2839,30.2,57
17.14,2902,30.6,57
10.71,2930,30.6,57
28.05,2841,30.6,57
13.34,2919,30.9,57
9.72,2934,30.9,57
11.2,2928,30.9,57
17.56,2900,30.4,57
7.42,2943,30.4,57
36.3,2753,30.4,57
17.35,2901,30.8,57
7.94,2941,30.8,57
28.47,2838,30.8,57
19.22,2892,30.1,57
7.42,2943,30.1,57
28.61,2837,30.1,57
18.4,2896,30.7,57
6.37,2947,30.7,57
28.89,2835,30.7,57
17.35,2901,30.3,57
11.92,2925,30.3,57
29.43,2831,30.3,57
17.14,2902,30.2,57
5.57,2950,30.2,57
29.03,2834,30.2,57
17.14,2902,30.7,57
2.83,2960,30.7,57
29.95,2827,30.7,57
17.14,2902,30.9,57
6.37,2947,30.9,57
29.03,2834,30.9,57
17.98,2898,30.3,57
11.2,2928,30.3,57
29.16,2833,30.3,57
17.14,2902,30.2,57
9.47,2935,30.2,57
29.03,2834,30.2,57
18.19,2897,30.7,57
3.94,2956,30.7,57
24.6,2863,30.7,57
27.46,2845,30.9,57
7.16,2944,30.9,57
25.43,2858,30.9,57
17.14,2902,30.3,57
5.84,2949,30.3,57
27.31,2846,30.3,57
17.77,2899,30.3,57
10.22,2932,30.3,57
27.31,2846,30.3,57
17.77,2899,30.3,57
35.86,2762,30.3,57
27.31,2846,30.3,57
17.14,2902,30.3,57
10.71,2930,30.3,57
31.4,2815,30.3,57
17.56,2900,30.3,57
11.2,2928,30.3,57
27.01,2848,30.3,57
17.77,2899,30.2,57
-8.62,2998,30.2,57
27.61,2844,30.2,57
17.35,2901,30.9,57
5.57,2950,30.9,57
27.76,2843,30.9,57
17.35,2901,30.1,57
-3.9,2983,30.1,57
30.58,2822,30.1,57
16.92,2903,30,57
3.67,2957,30,57
27.46,2845,30,57
17.14,2902,30.8,57
8.71,2938,30.8,57
28.05,2841,30.8,57
16.92,2903,30.6,57
4.22,2955,30.6,57
29.03,2834,30.6,57
17.56,2900,30.7,57
-261.21,3438,30.7,57
28.61,2837,30.7,57
17.98,2898,30.7,57
7.16,2944,30.7,57
28.61,2837,30.7,57
-24.69,3044,30.3,57
11.92,2925,30.3,57
28.47,2838,30.3,57
17.14,2902,30.2,57
2.83,2960,30.2,57
30.45,2823,30.2,57
19.22,2892,30.7,57
6.37,2947,30.7,57
28.61,2837,30.7,57
17.14,2902,30.3,57
6.64,2946,30.3,57
29.43,2831,30.3,57
17.56,2900,30.2,57
6.37,2947,30.2,57
29.3,2832,30.2,57
17.77,2899,30.7,57
5.3,2951,30.7,57
29.43,2831,30.7,57
17.35,2901,30.3,57
8.46,2939,30.3,57
21.37,2881,30.3,57
17.98,2898,30.2,57
3.94,2956,30.2,57
28.47,2838,30.2,57
18.19,2897,30.7,57
7.42,2943,30.7,57
31.29,2816,30.7,57
17.35,2901,30.3,57
6.9,2945,30.3,57
28.89,2835,30.3,57
19.82,2889,30.2,57
-71.41,3151,30.2,57
30.94,2819,30.2,57
17.14,2902,30.6,57
8.71,2938,30.6,57
28.05,2841,30.6,57
17.35,2901,30.7,57
6.11,2948,30.7,57
28.89,2835,30.7,57
17.77,2899,30.3,57
7.94,2941,30.3,57
29.3,2832,30.3,57
17.98,2898,30.2,57
8.46,2939,30.2,57
28.75,2836,30.2,57
17.35,2901,30.7,57
6.64,2946,30.7,57
27.01,2848,30.7,57
17.56,2900,30.3,57
6.9,2945,30.3,57
28.47,2838,30.3,57
17.14,2902,30.2,57
4.49,2954,30.2,57
29.69,2829,30.2,57
17.77,2899,30.7,57
7.16,2944,30.7,57
29.3,2832,30.7,57
18.19,2897,30.3,57
7.42,2943,30.3,57
29.95,2827,30.3,57
17.77,2899,30.2,57
4.22,2955,30.2,57
28.61,2837,30.2,57
17.35,2901,30.7,57
5.57,2950,30.7,57
28.47,2838,30.7,57
18.4,2896,30.7,57
37.13,2713,30.7,57
29.43,2831,30.7,57
17.77,2899,30.3,57
8.96,2937,30.3,57
29.03,2834,30.3,57
18.19,2897,30.2,57
6.9,2945,30.2,57
27.31,2846,30.2,57
17.98,2898,30.6,57
7.42,2943,30.6,57
30.08,2826,30.6,57
17.35,2901,30.7,57
12.64,2922,30.7,57
32.49,2805,30.7,57
17.14,2902,30.3,57
22.85,2873,30.3,57
27.01,2848,30.3,57
16.92,2903,30.8,57
6.9,2945,30.8,57
28.05,2841,30.8,57
18.4,2896,30.5,57
4.76,2953,30.5,57
27.31,2846,30.5,57
20.8,2884,30.7,57
10.71,2930,30.7,57
28.47,2838,30.7,57
17.56,2900,30.1,57
11.68,2926,30.1,57
29.03,2834,30.1,57
17.35,2901,30.6,57
5.3,2951,30.6,57
29.03,2834,30.6,57
16.92,2903,30.5,57
12.16,2924,30.5,57
29.3,2832,30.5,57
17.35,2901,30.9,57
10.47,2931,30.9,57
30.94,2819,30.9,57
17.77,2899,30,57
11.92,2925,30,57
29.16,2833,30,57
16.92,2903,30.6,57
9.47,2935,30.6,57
29.43,2831,30.6,57
18.19,2897,30.5,57
7.42,2943,30.5,57
28.19,2840,30.5,57
17.35,2901,30.7,57
10.96,2929,30.7,57
28.33,2839,30.7,57
16.92,2903,30.5,57
7.94,2941,30.5,57
28.47,2838,30.5,57
17.77,2899,30.3,57
8.46,2939,30.3,57
15.39,2910,30.3,57
18.4,2896,30.7,57
7.68,2942,30.7,57
29.43,2831,30.7,57
17.35,2901,30.4,57
9.47,2935,30.4,57
27.16,2847,30.4,57
17.98,2898,30.9,57
9.72,2934,30.9,57
30.2,2825,30.9,57
17.35,2901,30,57
4.22,2955,30,57
30.2,2825,30,57
17.98,2898,30.6,57
5.84,2949,30.6,57
28.05,2841,30.6,57
17.77,2899,30.4,57
-14.97,3017,30.4,57
27.9,2842,30.4,57
18.19,2897,30.7,57
-8.62,2998,30.7,57
29.95,2827,30.7,57
16.92,2903,30.5,57
5.84,2949,30.5,57
29.3,2832,30.5,57
17.14,2902,30.4,57
9.97,2933,30.4,57
18.4,2896,30.4,57
17.35,2901,30.7,57
6.9,2945,30.7,57
28.89,2835,30.7,57
17.98,2898,30.5,57
11.2,2928,30.5,57
29.43,2831,30.5,57
17.98,2898,30.7,57
6.37,2947,30.7,57
29.16,2833,30.7,57
17.14,2902,30.4,57
3.94,2956,30.4,57
-59.79,3127,30.4,57
18.4,2896,30.8,57
5.57,2950,30.8,57
32.69,2803,30.8,57
17.77,2899,30.1,57
9.47,2935,30.1,57
-1049.43,4095,30.1,57
17.35,2901,30.6,57
8.46,2939,30.6,57
29.69,2829,30.6,57
17.35,2901,30.1,57
-3.9,2983,30.1,57
29.69,2829,30.1,57
18.4,2896,30.3,57
6.9,2945,30.3,57
28.89,2835,30.3,57
23.21,2871,30.2,57
2.83,2960,30.2,57
29.3,2832,30.2,57
17.35,2901,30.5,57
7.68,2942,30.5,57
30.2,2825,30.5,57
17.14,2902,30.8,57
7.16,2944,30.8,57
29.3,2832,30.8,57
20.61,2885,30.5,57
4.22,2955,30.5,57
35.07,2775,30.5,57
14.72,2913,30.7,57
-13.6,3013,30.7,57
31.4,2815,30.7,57
17.14,2902,30.2,57
6.64,2946,30.2,57
28.05,2841,30.2,57
17.35,2901,30.2,57
6.11,2948,30.2,57
10.22,2932,30.2,57
17.35,2901,30.2,57
6.37,2947,30.2,57
29.69,2829,30.2,57
17.77,2899,30.2,57
18.4,2896,30.2,57
29.3,2832,30.2,57
17.56,2900,30.6,57
6.37,2947,30.6,57
27.9,2842,30.6,57
17.35,2901,30.9,57
5.57,2950,30.9,57
27.76,2843,30.9,57
17.77,2899,30.1,57
6.64,2946,30.1,57
29.69,2829,30.1,57
18.4,2896,30.8,57
2.83,2960,30.8,57
24.26,2865,30.8,57
17.98,2898,30.5,57
3.67,2957,30.5,57
31.4,2815,30.5,57
18.61,2895,30.7,57
3.39,2958,30.7,57
26.39,2852,30.7,57
17.14,2902,30.3,57
9.47,2935,30.3,57
29.95,2827,30.3,57
17.35,2901,30.8,57
8.96,2937,30.8,57
28.75,2836,30.8,57
16.92,2903,30.1,57
15.62,2909,30.1,57
28.75,2836,30.1,57
17.35,2901,30.6,57
9.47,2935,30.6,57
29.3,2832,30.6,57
17.35,2901,30.7,57
1.13,2966,30.7,57
28.47,2838,30.7,57
17.35,2901,30.1,57
14.72,2913,30.1,57
26.24,2853,30.1,57
15.62,2909,30.6,57
7.42,2943,30.6,57
29.3,2832,30.6,57
17.35,2901,30.3,57
6.37,2947,30.3,57
11.44,2927,30.3,57
17.77,2899,30.8,57
2.83,2960,30.8,57
35.72,2665,30.8,57
17.77,2899,30.5,57
8.71,2938,30.5,57
31.96,2810,30.5,57
17.35,2901,30.7,57
7.94,2941,30.7,57
29.03,2834,30.7,57
17.56,2900,30.5,57
-89.52,3186,30.5,57
29.95,2827,30.5,57
-25.07,3045,30.7,57
-176.66,3327,30.7,57
29.16,2833,30.7,57
17.77,2899,30.5,57
10.71,2930,30.5,57
27.76,2843,30.5,57
17.77,2899,30.7,57
6.37,2947,30.7,57
28.61,2837,30.7,57
17.35,2901,30.4,57
6.9,2945,30.4,57
30.82,2820,30.4,57
16.92,2903,30.3,57
7.42,2943,30.3,57
29.3,2832,30.3,57
17.77,2899,30.8,57
7.42,2943,30.8,57
27.46,2845,30.8,57
13.58,2918,30.5,57
8.96,2937,30.5,57
28.61,2837,30.5,57
17.14,2902,30.7,57
9.97,2933,30.7,57
29.03,2834,30.7,57
17.56,2900,30.4,57
8.2,2940,30.4,57
29.3,2832,30.4,57
15.62,2909,30.7,57
-23.2,3040,30.7,57
29.43,2831,30.7,57
17.35,2901,30.5,57
5.84,2949,30.5,57
28.05,2841,30.5,57
17.56,2900,30.7,57
7.16,2944,30.7,57
26.55,2851,30.7,57
18.19,2897,30.5,57
7.68,2942,30.5,57
36.9,2735,30.5,57
17.35,2901,30,57
7.94,2941,30,57
29.43,2831,30,57
17.98,2898,30.6,57
6.9,2945,30.6,57
26.24,2853,30.6,57
17.35,2901,30.1,57
-0.31,2971,30.1,57
28.89,2835,30.1,57
18.61,2895,30.3,57
7.42,2943,30.3,57
22.49,2875,30.3,57
17.77,2899,30.1,57
5.57,2950,30.1,57
24.43,2864,30.1,57
16.92,2903,30.3,57
1.99,2963,30.3,57
6.9,2945,30.3,57
18.19,2897,30.1,57
11.44,2927,30.1,57
30.7,2821,30.1,57
11.92,2925,30.6,57
7.42,2943,30.6,57
28.47,2838,30.6,57
17.77,2899,30.6,57
10.22,2932,30.6,57
29.69,2829,30.6,57
18.19,2897,30.6,57
9.72,2934,30.6,57
30.82,2820,30.6,57
17.14,2902,30.4,57
10.47,2931,30.4,57
28.61,2837,30.4,57
17.98,2898,30.7,57
5.3,2951,30.7,57
31.52,2814,30.7,57
18.4,2896,30.5,57
6.37,2947,30.5,57
27.31,2846,30.5,57
19.22,2892,30.7,57
32.94,2629,30.7,57
14.04,2916,30.7,57
17.35,2901,30.5,57
6.9,2945,30.5,57
29.56,2830,30.5,57
17.35,2901,30,57
8.2,2940,30,57
26.7,2850,30,57
18.19,2897,30,57
3.67,2957,30,57
28.75,2836,30,57
18.4,2896,30,57
5.84,2949,30,57
29.43,2831,30,57
20.99,2883,30,57
7.16,2944,30,57
-73.41,3155,30,57
17.56,2900,30.6,57
3.67,2957,30.6,57
29.16,2833,30.6,57
17.77,2899,30.5,57
6.9,2945,30.5,57
28.61,2837,30.5,57
17.56,2900,30.3,57
7.42,2943,30.3,57
23.3,2559,30.3,57
17.77,2899,30.7,57
-425.1,3615,30.7,57
29.3,2832,30.7,57
17.56,2900,30.5,57
9.97,2933,30.5,57
28.33,2839,30.5,57
17.98,2898,30.4,57
9.72,2934,30.4,57
27.46,2845,30.4,57
17.56,2900,30.3,57
4.49,2954,30.3,57
30.82,2820,30.3,57
18.19,2897,30.8,57
8.96,2937,30.8,57
28.89,2835,30.8,57
18.4,2896,30,57
3.67,2957,30,57
32.99,2800,30,57
17.98,2898,30.6,57
8.2,2940,30.6,57
29.3,2832,30.6,57
17.77,2899,30.5,57
6.37,2947,30.5,57
30.08,2826,30.5,57
17.77,2899,30.4,57
8.96,2937,30.4,57
29.3,2832,30.4,57
18.4,2896,30.9,57
-2.99,2980,30.9,57
28.61,2837,30.9,57
16.49,2905,30.6,57
6.9,2945,30.6,57
29.43,2831,30.6,57
17.35,2901,30.5,57
15.84,2908,30.5,57
29.43,2831,30.5,57
18.19,2897,30.4,57
6.64,2946,30.4,57
27.76,2843,30.4,57
18.4,2896,30.3,57
6.9,2945,30.3,57
28.05,2841,30.3,57
17.77,2899,30.9,57
6.11,2948,30.9,57
13.69,2512,30.9,57
17.14,2902,30.6,57
13.81,2917,30.6,57
28.89,2835,30.6,57
17.77,2899,30.5,57
7.42,2943,30.5,57
28.47,2838,30.5,57
17.77,2899,30.5,57
6.37,2947,30.5,57
28.47,2838,30.5,57
17.35,2901,30.5,57
7.94,2941,30.5,57
28.33,2839,30.5,57
6.9,2945,30.5,57
7.42,2943,30.5,57
29.56,2830,30.5,57
17.77,2899,30.5,57
3.11,2959,30.5,57
29.3,2832,30.5,57
16.92,2903,30.5,57
-48.39,3102,30.5,57
-52.41,3111,30.5,57
17.56,2900,30.4,57
10.47,2931,30.4,57
28.61,2837,30.4,57
17.77,2899,30.4,57
2.83,2960,30.4,57
27.76,2843,30.4,57
16.71,2904,30.9,57
2.83,2960,30.9,57
28.89,2835,30.9,57
17.35,2901,30.6,57
7.94,2941,30.6,57
31.74,2812,30.6,57
17.77,2899,30.4,57
5.84,2949,30.4,57
27.31,2846,30.4,57
17.14,2902,30.3,57
9.47,2935,30.3,57
26.24,2853,30.3,57
16.92,2903,30.3,57
6.9,2945,30.3,57
29.56,2830,30.3,57
18.19,2897,30.3,57
10.71,2930,30.3,57
29.95,2827,30.3,57
17.77,2899,30.3,57
-31.24,3061,30.3,57
28.47,2838,30.3,57
16.92,2903,30.3,57
9.72,2934,30.3,57
28.47,2838,30.3,57
17.35,2901,30.3,57
9.72,2934,30.3,57
30.7,2821,30.3,57
18.19,2897,30.9,57
7.16,2944,30.9,57
-1049.43,4095,30.9,57
21.37,2881,30.6,57
11.44,2927,30.6,57
29.3,2832,30.6,57
17.14,2902,30.5,57
7.42,2943,30.5,57
28.61,2837,30.5,57
17.77,2899,30.4,57
7.68,2942,30.4,57
28.05,2841,30.4,57
17.77,2899,30.3,57
6.37,2947,30.3,57
31.4,2815,30.3,57
17.77,2899,30.7,57
-43.17,3090,30.7,57
26.86,2849,30.7,57
18.19,2897,30,57
34.08,2788,30,57
29.69,2829,30,57
17.98,2898,30.6,57
12.4,2923,30.6,57
29.43,2831,30.6,57
-6.07,2990,30.1,57
0.85,2967,30.1,57
30.58,2822,30.1,57
18.19,2897,30.8,57
11.92,2925,30.8,57
29.56,2830,30.8,57
18.61,2895,30.6,57
7.68,2942,30.6,57
28.05,2841,30.6,57
-17.41,3024,30.5,57
6.37,2947,30.5,57
29.69,2829,30.5,57
17.56,2900,30.4,57
7.94,2941,30.4,57
29.16,2833,30.4,57
17.56,2900,30.7,57
7.16,2944,30.7,57
28.33,2839,30.7,57
17.56,2900,30.4,57
7.42,2943,30.4,57
28.89,2835,30.4,57
16.92,2903,30.5,57
8.71,2938,30.5,57
29.3,2832,30.5,57
14.72,2913,30.7,57
7.94,2941,30.7,57
29.69,2829,30.7,57
18.19,2897,30.4,57
7.42,2943,30.4,57
20.21,2887,30.4,57
18.19,2897,30,57
7.42,2943,30,57
28.61,2837,30,57
17.56,2900,30.3,57
6.9,2945,30.3,57
32.39,2806,30.3,57
18.19,2897,30.5,57
7.68,2942,30.5,57
-213,3377,30.5,57
16.92,2903,30.3,57
5.57,2950,30.3,57
29.3,2832,30.3,57
19.42,2891,30.1,57
8.71,2938,30.1,57
29.16,2833,30.1,57
17.98,2898,30.2,57
9.47,2935,30.2,57
14.72,2913,30.2,57
17.77,2899,30.2,57
-0.31,2971,30.2,57
27.01,2848,30.2,57
17.77,2899,30.2,57
9.47,2935,30.2,57
28.61,2837,30.2,57
17.14,2902,30,57
6.9,2945,30,57
18.4,2896,30,57
17.98,2898,30.2,57
5.57,2950,30.2,57
28.47,2838,30.2,57
17.98,2898,30.7,57
6.9,2945,30.7,57
28.47,2838,30.7,57
17.14,2902,30.4,57
11.2,2928,30.4,57
34.78,2779,30.4,57
17.35,2901,30.4,57
7.94,2941,30.4,57
31.4,2815,30.4,57
17.35,2901,30.7,57
4.49,2954,30.7,57
28.47,2838,30.7,57
17.77,2899,31.6,56
3.11,2959,31.6,56
27.46,2845,31.6,56
18.19,2897,31.4,56
5.57,2950,31.4,56
26.39,2852,31.4,56
18.19,2897,31.1,56
11.07,2501,31.1,56
27.46,2845,31.1,56
17.35,2901,31.5,56
2.55,2961,31.5,56
27.46,2845,31.5,56
17.35,2901,31.2,56
5.84,2949,31.2,56
-101.35,2222,31.2,56
16.92,2903,31.7,56
10.22,2932,31.7,56
27.16,2847,31.7,56
17.14,2902,31.2,56
3.39,2958,31.2,56
29.3,2832,31.2,56
17.14,2902,31.9,56
6.37,2947,31.9,56
29.69,2829,31.9,56
17.98,2898,31.2,56
7.42,2943,31.2,56
26.7,2850,31.2,56
17.35,2901,31.7,56
4.76,2953,31.7,56
24.77,2862,31.7,56
17.35,2901,31.5,56
7.16,2944,31.5,56
29.56,2830,31.5,56
17.35,2901,31.7,56
6.9,2945,31.7,56
29.3,2832,31.7,56
17.35,2901,31.5,56
8.46,2939,31.5,56
33.46,2795,31.5,56
18.4,2896,31.4,56
5.84,2949,31.4,56
29.56,2830,31.4,56
15.17,2911,31.8,57
2.83,2960,31.8,57
28.05,2841,31.8,57
17.35,2901,31.1,56
7.94,2941,31.1,56
24.43,2864,31.1,56
17.77,2899,31.2,56
9.47,2935,31.2,56
30.94,2819,31.2,56
17.77,2899,31.9,57
5.57,2950,31.9,57
29.3,2832,31.9,57
16.28,2906,31.7,57
6.64,2946,31.7,57
27.16,2847,31.7,57
17.14,2902,31.1,57
8.46,2939,31.1,57
29.03,2834,31.1,57
12.88,2921,31.9,57
3.94,2956,31.9,57
26.86,2849,31.9,57
17.35,2901,31.3,57
7.16,2944,31.3,57
26.24,2853,31.3,57
